ISO-10303-21;
HEADER;
FILE_DESCRIPTION(('FreeCAD Model'),'2;1');
FILE_NAME('Open CASCADE Shape Model','2026-08-11T14:21:59',(''),(''),
  'Open CASCADE STEP processor 7.8','FreeCAD','Unknown');
FILE_SCHEMA(('AUTOMOTIVE_DESIGN { 1 0 10303 214 1 1 1 1 }'));
ENDSEC;
DATA;
#1 = APPLICATION_PROTOCOL_DEFINITION('international standard',
  'automotive_design',2000,#2);
#2 = APPLICATION_CONTEXT(
  'core data for automotive mechanical design processes');
#3 = SHAPE_DEFINITION_REPRESENTATION(#4,#10);
#4 = PRODUCT_DEFINITION_SHAPE('','',#5);
#5 = PRODUCT_DEFINITION('design','',#6,#9);
#6 = PRODUCT_DEFINITION_FORMATION('','',#7);
#7 = PRODUCT('ZeroStopParts','ZeroStopParts','',(#8));
#8 = PRODUCT_CONTEXT('',#2,'mechanical');
#9 = PRODUCT_DEFINITION_CONTEXT('part definition',#2,'design');
#10 = SHAPE_REPRESENTATION('',(#11,#15,#19),#23);
#11 = AXIS2_PLACEMENT_3D('',#12,#13,#14);
#12 = CARTESIAN_POINT('',(0.,0.,0.));
#13 = DIRECTION('',(0.,0.,1.));
#14 = DIRECTION('',(1.,0.,-0.));
#15 = AXIS2_PLACEMENT_3D('',#16,#17,#18);
#16 = CARTESIAN_POINT('',(0.,0.,0.));
#17 = DIRECTION('',(0.,0.,1.));
#18 = DIRECTION('',(1.,0.,0.));
#19 = AXIS2_PLACEMENT_3D('',#20,#21,#22);
#20 = CARTESIAN_POINT('',(-7.E-16,22.,0.));
#21 = DIRECTION('',(1.,1.232595164408E-32,1.110223024625E-16));
#22 = DIRECTION('',(0.,1.,-1.110223024625E-16));
#23 = ( GEOMETRIC_REPRESENTATION_CONTEXT(3) 
GLOBAL_UNCERTAINTY_ASSIGNED_CONTEXT((#27)) GLOBAL_UNIT_ASSIGNED_CONTEXT(
(#24,#25,#26)) REPRESENTATION_CONTEXT('Context #1',
  '3D Context with UNIT and UNCERTAINTY') );
#24 = ( LENGTH_UNIT() NAMED_UNIT(*) SI_UNIT(.MILLI.,.METRE.) );
#25 = ( NAMED_UNIT(*) PLANE_ANGLE_UNIT() SI_UNIT($,.RADIAN.) );
#26 = ( NAMED_UNIT(*) SI_UNIT($,.STERADIAN.) SOLID_ANGLE_UNIT() );
#27 = UNCERTAINTY_MEASURE_WITH_UNIT(LENGTH_MEASURE(1.E-07),#24,
  'distance_accuracy_value','confusion accuracy');
#28 = PRODUCT_RELATED_PRODUCT_CATEGORY('part',$,(#7));
#29 = SHAPE_DEFINITION_REPRESENTATION(#30,#36);
#30 = PRODUCT_DEFINITION_SHAPE('','',#31);
#31 = PRODUCT_DEFINITION('design','',#32,#35);
#32 = PRODUCT_DEFINITION_FORMATION('','',#33);
#33 = PRODUCT('pZeroStop','pZeroStop','',(#34));
#34 = PRODUCT_CONTEXT('',#2,'mechanical');
#35 = PRODUCT_DEFINITION_CONTEXT('part definition',#2,'design');
#36 = ADVANCED_BREP_SHAPE_REPRESENTATION('',(#11,#37),#2189);
#37 = MANIFOLD_SOLID_BREP('',#38);
#38 = CLOSED_SHELL('',(#39,#351,#382,#422,#455,#488,#519,#550,#583,#614,
    #647,#678,#700,#731,#753,#800,#824,#864,#881,#928,#952,#992,#1009,
    #1056,#1080,#1120,#1137,#1184,#1208,#1248,#1265,#1312,#1336,#1376,
    #1393,#1440,#1464,#1504,#1521,#1568,#1592,#1616,#1649,#1696,#1720,
    #1760,#1777,#1794,#1811,#1823,#1840,#1857,#1869,#1886,#1903,#1915,
    #1932,#1949,#1961,#1978,#1995,#2007,#2024,#2041,#2053,#2070,#2087,
    #2099,#2116,#2133,#2145,#2167));
#39 = ADVANCED_FACE('',(#40,#74,#108,#142,#176,#210,#244,#278,#312),#346
  ,.F.);
#40 = FACE_BOUND('',#41,.F.);
#41 = EDGE_LOOP('',(#42,#52,#60,#68));
#42 = ORIENTED_EDGE('',*,*,#43,.T.);
#43 = EDGE_CURVE('',#44,#46,#48,.T.);
#44 = VERTEX_POINT('',#45);
#45 = CARTESIAN_POINT('',(6.661338147751E-15,-10.,-10.));
#46 = VERTEX_POINT('',#47);
#47 = CARTESIAN_POINT('',(165.2,-10.,-10.));
#48 = LINE('',#49,#50);
#49 = CARTESIAN_POINT('',(6.661338147751E-15,-10.,-10.));
#50 = VECTOR('',#51,1.);
#51 = DIRECTION('',(1.,4.440892098501E-16,-2.22044604925E-16));
#52 = ORIENTED_EDGE('',*,*,#53,.T.);
#53 = EDGE_CURVE('',#46,#54,#56,.T.);
#54 = VERTEX_POINT('',#55);
#55 = CARTESIAN_POINT('',(165.2,10.,-10.));
#56 = LINE('',#57,#58);
#57 = CARTESIAN_POINT('',(165.2,-10.,-10.));
#58 = VECTOR('',#59,1.);
#59 = DIRECTION('',(-4.440892098501E-16,1.,2.22044604925E-16));
#60 = ORIENTED_EDGE('',*,*,#61,.F.);
#61 = EDGE_CURVE('',#62,#54,#64,.T.);
#62 = VERTEX_POINT('',#63);
#63 = CARTESIAN_POINT('',(-2.22044604925E-15,10.,-10.));
#64 = LINE('',#65,#66);
#65 = CARTESIAN_POINT('',(-2.22044604925E-15,10.,-10.));
#66 = VECTOR('',#67,1.);
#67 = DIRECTION('',(1.,4.440892098501E-16,-2.22044604925E-16));
#68 = ORIENTED_EDGE('',*,*,#69,.F.);
#69 = EDGE_CURVE('',#44,#62,#70,.T.);
#70 = LINE('',#71,#72);
#71 = CARTESIAN_POINT('',(6.661338147751E-15,-10.,-10.));
#72 = VECTOR('',#73,1.);
#73 = DIRECTION('',(-4.440892098501E-16,1.,2.22044604925E-16));
#74 = FACE_BOUND('',#75,.F.);
#75 = EDGE_LOOP('',(#76,#86,#94,#102));
#76 = ORIENTED_EDGE('',*,*,#77,.T.);
#77 = EDGE_CURVE('',#78,#80,#82,.T.);
#78 = VERTEX_POINT('',#79);
#79 = CARTESIAN_POINT('',(159.975,-1.6,-10.));
#80 = VERTEX_POINT('',#81);
#81 = CARTESIAN_POINT('',(149.775,-1.6,-10.));
#82 = LINE('',#83,#84);
#83 = CARTESIAN_POINT('',(159.975,-1.6,-10.));
#84 = VECTOR('',#85,1.);
#85 = DIRECTION('',(-1.,-4.440892098501E-16,2.22044604925E-16));
#86 = ORIENTED_EDGE('',*,*,#87,.T.);
#87 = EDGE_CURVE('',#80,#88,#90,.T.);
#88 = VERTEX_POINT('',#89);
#89 = CARTESIAN_POINT('',(149.775,1.6,-10.));
#90 = LINE('',#91,#92);
#91 = CARTESIAN_POINT('',(149.775,-1.6,-10.));
#92 = VECTOR('',#93,1.);
#93 = DIRECTION('',(-4.440892098501E-16,1.,2.22044604925E-16));
#94 = ORIENTED_EDGE('',*,*,#95,.T.);
#95 = EDGE_CURVE('',#88,#96,#98,.T.);
#96 = VERTEX_POINT('',#97);
#97 = CARTESIAN_POINT('',(159.975,1.6,-10.));
#98 = LINE('',#99,#100);
#99 = CARTESIAN_POINT('',(149.775,1.6,-10.));
#100 = VECTOR('',#101,1.);
#101 = DIRECTION('',(1.,4.440892098501E-16,-2.22044604925E-16));
#102 = ORIENTED_EDGE('',*,*,#103,.T.);
#103 = EDGE_CURVE('',#96,#78,#104,.T.);
#104 = LINE('',#105,#106);
#105 = CARTESIAN_POINT('',(159.975,1.6,-10.));
#106 = VECTOR('',#107,1.);
#107 = DIRECTION('',(4.440892098501E-16,-1.,-2.22044604925E-16));
#108 = FACE_BOUND('',#109,.F.);
#109 = EDGE_LOOP('',(#110,#120,#128,#136));
#110 = ORIENTED_EDGE('',*,*,#111,.T.);
#111 = EDGE_CURVE('',#112,#114,#116,.T.);
#112 = VERTEX_POINT('',#113);
#113 = CARTESIAN_POINT('',(139.325,-1.6,-10.));
#114 = VERTEX_POINT('',#115);
#115 = CARTESIAN_POINT('',(129.125,-1.6,-10.));
#116 = LINE('',#117,#118);
#117 = CARTESIAN_POINT('',(139.325,-1.6,-10.));
#118 = VECTOR('',#119,1.);
#119 = DIRECTION('',(-1.,-4.440892098501E-16,2.22044604925E-16));
#120 = ORIENTED_EDGE('',*,*,#121,.T.);
#121 = EDGE_CURVE('',#114,#122,#124,.T.);
#122 = VERTEX_POINT('',#123);
#123 = CARTESIAN_POINT('',(129.125,1.6,-10.));
#124 = LINE('',#125,#126);
#125 = CARTESIAN_POINT('',(129.125,-1.6,-10.));
#126 = VECTOR('',#127,1.);
#127 = DIRECTION('',(-4.440892098501E-16,1.,2.22044604925E-16));
#128 = ORIENTED_EDGE('',*,*,#129,.T.);
#129 = EDGE_CURVE('',#122,#130,#132,.T.);
#130 = VERTEX_POINT('',#131);
#131 = CARTESIAN_POINT('',(139.325,1.6,-10.));
#132 = LINE('',#133,#134);
#133 = CARTESIAN_POINT('',(129.125,1.6,-10.));
#134 = VECTOR('',#135,1.);
#135 = DIRECTION('',(1.,4.440892098501E-16,-2.22044604925E-16));
#136 = ORIENTED_EDGE('',*,*,#137,.T.);
#137 = EDGE_CURVE('',#130,#112,#138,.T.);
#138 = LINE('',#139,#140);
#139 = CARTESIAN_POINT('',(139.325,1.6,-10.));
#140 = VECTOR('',#141,1.);
#141 = DIRECTION('',(4.440892098501E-16,-1.,-2.22044604925E-16));
#142 = FACE_BOUND('',#143,.F.);
#143 = EDGE_LOOP('',(#144,#154,#162,#170));
#144 = ORIENTED_EDGE('',*,*,#145,.T.);
#145 = EDGE_CURVE('',#146,#148,#150,.T.);
#146 = VERTEX_POINT('',#147);
#147 = CARTESIAN_POINT('',(118.675,-1.6,-10.));
#148 = VERTEX_POINT('',#149);
#149 = CARTESIAN_POINT('',(108.475,-1.6,-10.));
#150 = LINE('',#151,#152);
#151 = CARTESIAN_POINT('',(118.675,-1.6,-10.));
#152 = VECTOR('',#153,1.);
#153 = DIRECTION('',(-1.,-4.440892098501E-16,2.22044604925E-16));
#154 = ORIENTED_EDGE('',*,*,#155,.T.);
#155 = EDGE_CURVE('',#148,#156,#158,.T.);
#156 = VERTEX_POINT('',#157);
#157 = CARTESIAN_POINT('',(108.475,1.6,-10.));
#158 = LINE('',#159,#160);
#159 = CARTESIAN_POINT('',(108.475,-1.6,-10.));
#160 = VECTOR('',#161,1.);
#161 = DIRECTION('',(-4.440892098501E-16,1.,2.22044604925E-16));
#162 = ORIENTED_EDGE('',*,*,#163,.T.);
#163 = EDGE_CURVE('',#156,#164,#166,.T.);
#164 = VERTEX_POINT('',#165);
#165 = CARTESIAN_POINT('',(118.675,1.6,-10.));
#166 = LINE('',#167,#168);
#167 = CARTESIAN_POINT('',(108.475,1.6,-10.));
#168 = VECTOR('',#169,1.);
#169 = DIRECTION('',(1.,4.440892098501E-16,-2.22044604925E-16));
#170 = ORIENTED_EDGE('',*,*,#171,.T.);
#171 = EDGE_CURVE('',#164,#146,#172,.T.);
#172 = LINE('',#173,#174);
#173 = CARTESIAN_POINT('',(118.675,1.6,-10.));
#174 = VECTOR('',#175,1.);
#175 = DIRECTION('',(4.440892098501E-16,-1.,-2.22044604925E-16));
#176 = FACE_BOUND('',#177,.F.);
#177 = EDGE_LOOP('',(#178,#188,#196,#204));
#178 = ORIENTED_EDGE('',*,*,#179,.T.);
#179 = EDGE_CURVE('',#180,#182,#184,.T.);
#180 = VERTEX_POINT('',#181);
#181 = CARTESIAN_POINT('',(98.025,-1.6,-10.));
#182 = VERTEX_POINT('',#183);
#183 = CARTESIAN_POINT('',(87.825,-1.6,-10.));
#184 = LINE('',#185,#186);
#185 = CARTESIAN_POINT('',(98.025,-1.6,-10.));
#186 = VECTOR('',#187,1.);
#187 = DIRECTION('',(-1.,-4.440892098501E-16,2.22044604925E-16));
#188 = ORIENTED_EDGE('',*,*,#189,.T.);
#189 = EDGE_CURVE('',#182,#190,#192,.T.);
#190 = VERTEX_POINT('',#191);
#191 = CARTESIAN_POINT('',(87.825,1.6,-10.));
#192 = LINE('',#193,#194);
#193 = CARTESIAN_POINT('',(87.825,-1.6,-10.));
#194 = VECTOR('',#195,1.);
#195 = DIRECTION('',(-4.440892098501E-16,1.,2.22044604925E-16));
#196 = ORIENTED_EDGE('',*,*,#197,.T.);
#197 = EDGE_CURVE('',#190,#198,#200,.T.);
#198 = VERTEX_POINT('',#199);
#199 = CARTESIAN_POINT('',(98.025,1.6,-10.));
#200 = LINE('',#201,#202);
#201 = CARTESIAN_POINT('',(87.825,1.6,-10.));
#202 = VECTOR('',#203,1.);
#203 = DIRECTION('',(1.,4.440892098501E-16,-2.22044604925E-16));
#204 = ORIENTED_EDGE('',*,*,#205,.T.);
#205 = EDGE_CURVE('',#198,#180,#206,.T.);
#206 = LINE('',#207,#208);
#207 = CARTESIAN_POINT('',(98.025,1.6,-10.));
#208 = VECTOR('',#209,1.);
#209 = DIRECTION('',(4.440892098501E-16,-1.,-2.22044604925E-16));
#210 = FACE_BOUND('',#211,.F.);
#211 = EDGE_LOOP('',(#212,#222,#230,#238));
#212 = ORIENTED_EDGE('',*,*,#213,.T.);
#213 = EDGE_CURVE('',#214,#216,#218,.T.);
#214 = VERTEX_POINT('',#215);
#215 = CARTESIAN_POINT('',(56.725,-1.6,-10.));
#216 = VERTEX_POINT('',#217);
#217 = CARTESIAN_POINT('',(46.525,-1.6,-10.));
#218 = LINE('',#219,#220);
#219 = CARTESIAN_POINT('',(56.725,-1.6,-10.));
#220 = VECTOR('',#221,1.);
#221 = DIRECTION('',(-1.,-4.440892098501E-16,2.22044604925E-16));
#222 = ORIENTED_EDGE('',*,*,#223,.T.);
#223 = EDGE_CURVE('',#216,#224,#226,.T.);
#224 = VERTEX_POINT('',#225);
#225 = CARTESIAN_POINT('',(46.525,1.6,-10.));
#226 = LINE('',#227,#228);
#227 = CARTESIAN_POINT('',(46.525,-1.6,-10.));
#228 = VECTOR('',#229,1.);
#229 = DIRECTION('',(-4.440892098501E-16,1.,2.22044604925E-16));
#230 = ORIENTED_EDGE('',*,*,#231,.T.);
#231 = EDGE_CURVE('',#224,#232,#234,.T.);
#232 = VERTEX_POINT('',#233);
#233 = CARTESIAN_POINT('',(56.725,1.6,-10.));
#234 = LINE('',#235,#236);
#235 = CARTESIAN_POINT('',(46.525,1.6,-10.));
#236 = VECTOR('',#237,1.);
#237 = DIRECTION('',(1.,4.440892098501E-16,-2.22044604925E-16));
#238 = ORIENTED_EDGE('',*,*,#239,.T.);
#239 = EDGE_CURVE('',#232,#214,#240,.T.);
#240 = LINE('',#241,#242);
#241 = CARTESIAN_POINT('',(56.725,1.6,-10.));
#242 = VECTOR('',#243,1.);
#243 = DIRECTION('',(4.440892098501E-16,-1.,-2.22044604925E-16));
#244 = FACE_BOUND('',#245,.F.);
#245 = EDGE_LOOP('',(#246,#256,#264,#272));
#246 = ORIENTED_EDGE('',*,*,#247,.T.);
#247 = EDGE_CURVE('',#248,#250,#252,.T.);
#248 = VERTEX_POINT('',#249);
#249 = CARTESIAN_POINT('',(36.075,-1.6,-10.));
#250 = VERTEX_POINT('',#251);
#251 = CARTESIAN_POINT('',(25.875,-1.6,-10.));
#252 = LINE('',#253,#254);
#253 = CARTESIAN_POINT('',(36.075,-1.6,-10.));
#254 = VECTOR('',#255,1.);
#255 = DIRECTION('',(-1.,-4.440892098501E-16,2.22044604925E-16));
#256 = ORIENTED_EDGE('',*,*,#257,.T.);
#257 = EDGE_CURVE('',#250,#258,#260,.T.);
#258 = VERTEX_POINT('',#259);
#259 = CARTESIAN_POINT('',(25.875,1.6,-10.));
#260 = LINE('',#261,#262);
#261 = CARTESIAN_POINT('',(25.875,-1.6,-10.));
#262 = VECTOR('',#263,1.);
#263 = DIRECTION('',(-4.440892098501E-16,1.,2.22044604925E-16));
#264 = ORIENTED_EDGE('',*,*,#265,.T.);
#265 = EDGE_CURVE('',#258,#266,#268,.T.);
#266 = VERTEX_POINT('',#267);
#267 = CARTESIAN_POINT('',(36.075,1.6,-10.));
#268 = LINE('',#269,#270);
#269 = CARTESIAN_POINT('',(25.875,1.6,-10.));
#270 = VECTOR('',#271,1.);
#271 = DIRECTION('',(1.,4.440892098501E-16,-2.22044604925E-16));
#272 = ORIENTED_EDGE('',*,*,#273,.T.);
#273 = EDGE_CURVE('',#266,#248,#274,.T.);
#274 = LINE('',#275,#276);
#275 = CARTESIAN_POINT('',(36.075,1.6,-10.));
#276 = VECTOR('',#277,1.);
#277 = DIRECTION('',(4.440892098501E-16,-1.,-2.22044604925E-16));
#278 = FACE_BOUND('',#279,.F.);
#279 = EDGE_LOOP('',(#280,#290,#298,#306));
#280 = ORIENTED_EDGE('',*,*,#281,.T.);
#281 = EDGE_CURVE('',#282,#284,#286,.T.);
#282 = VERTEX_POINT('',#283);
#283 = CARTESIAN_POINT('',(15.425,-1.6,-10.));
#284 = VERTEX_POINT('',#285);
#285 = CARTESIAN_POINT('',(5.225,-1.6,-10.));
#286 = LINE('',#287,#288);
#287 = CARTESIAN_POINT('',(15.425,-1.6,-10.));
#288 = VECTOR('',#289,1.);
#289 = DIRECTION('',(-1.,-4.440892098501E-16,2.22044604925E-16));
#290 = ORIENTED_EDGE('',*,*,#291,.T.);
#291 = EDGE_CURVE('',#284,#292,#294,.T.);
#292 = VERTEX_POINT('',#293);
#293 = CARTESIAN_POINT('',(5.225,1.6,-10.));
#294 = LINE('',#295,#296);
#295 = CARTESIAN_POINT('',(5.225,-1.6,-10.));
#296 = VECTOR('',#297,1.);
#297 = DIRECTION('',(-4.440892098501E-16,1.,2.22044604925E-16));
#298 = ORIENTED_EDGE('',*,*,#299,.T.);
#299 = EDGE_CURVE('',#292,#300,#302,.T.);
#300 = VERTEX_POINT('',#301);
#301 = CARTESIAN_POINT('',(15.425,1.6,-10.));
#302 = LINE('',#303,#304);
#303 = CARTESIAN_POINT('',(5.225,1.6,-10.));
#304 = VECTOR('',#305,1.);
#305 = DIRECTION('',(1.,4.440892098501E-16,-2.22044604925E-16));
#306 = ORIENTED_EDGE('',*,*,#307,.T.);
#307 = EDGE_CURVE('',#300,#282,#308,.T.);
#308 = LINE('',#309,#310);
#309 = CARTESIAN_POINT('',(15.425,1.6,-10.));
#310 = VECTOR('',#311,1.);
#311 = DIRECTION('',(4.440892098501E-16,-1.,-2.22044604925E-16));
#312 = FACE_BOUND('',#313,.F.);
#313 = EDGE_LOOP('',(#314,#324,#332,#340));
#314 = ORIENTED_EDGE('',*,*,#315,.T.);
#315 = EDGE_CURVE('',#316,#318,#320,.T.);
#316 = VERTEX_POINT('',#317);
#317 = CARTESIAN_POINT('',(77.375,-1.6,-10.));
#318 = VERTEX_POINT('',#319);
#319 = CARTESIAN_POINT('',(67.175,-1.6,-10.));
#320 = LINE('',#321,#322);
#321 = CARTESIAN_POINT('',(77.375,-1.6,-10.));
#322 = VECTOR('',#323,1.);
#323 = DIRECTION('',(-1.,-4.440892098501E-16,2.22044604925E-16));
#324 = ORIENTED_EDGE('',*,*,#325,.T.);
#325 = EDGE_CURVE('',#318,#326,#328,.T.);
#326 = VERTEX_POINT('',#327);
#327 = CARTESIAN_POINT('',(67.175,1.6,-10.));
#328 = LINE('',#329,#330);
#329 = CARTESIAN_POINT('',(67.175,-1.6,-10.));
#330 = VECTOR('',#331,1.);
#331 = DIRECTION('',(-4.440892098501E-16,1.,2.22044604925E-16));
#332 = ORIENTED_EDGE('',*,*,#333,.T.);
#333 = EDGE_CURVE('',#326,#334,#336,.T.);
#334 = VERTEX_POINT('',#335);
#335 = CARTESIAN_POINT('',(77.375,1.6,-10.));
#336 = LINE('',#337,#338);
#337 = CARTESIAN_POINT('',(67.175,1.6,-10.));
#338 = VECTOR('',#339,1.);
#339 = DIRECTION('',(1.,4.440892098501E-16,-2.22044604925E-16));
#340 = ORIENTED_EDGE('',*,*,#341,.T.);
#341 = EDGE_CURVE('',#334,#316,#342,.T.);
#342 = LINE('',#343,#344);
#343 = CARTESIAN_POINT('',(77.375,1.6,-10.));
#344 = VECTOR('',#345,1.);
#345 = DIRECTION('',(4.440892098501E-16,-1.,-2.22044604925E-16));
#346 = PLANE('',#347);
#347 = AXIS2_PLACEMENT_3D('',#348,#349,#350);
#348 = CARTESIAN_POINT('',(6.661338147751E-15,-10.,-10.));
#349 = DIRECTION('',(2.22044604925E-16,-2.22044604925E-16,1.));
#350 = DIRECTION('',(-4.440892098501E-16,1.,2.22044604925E-16));
#351 = ADVANCED_FACE('',(#352),#377,.F.);
#352 = FACE_BOUND('',#353,.F.);
#353 = EDGE_LOOP('',(#354,#355,#363,#371));
#354 = ORIENTED_EDGE('',*,*,#61,.T.);
#355 = ORIENTED_EDGE('',*,*,#356,.T.);
#356 = EDGE_CURVE('',#54,#357,#359,.T.);
#357 = VERTEX_POINT('',#358);
#358 = CARTESIAN_POINT('',(165.2,10.,-7.));
#359 = LINE('',#360,#361);
#360 = CARTESIAN_POINT('',(165.2,10.,-10.));
#361 = VECTOR('',#362,1.);
#362 = DIRECTION('',(2.22044604925E-16,-2.22044604925E-16,1.));
#363 = ORIENTED_EDGE('',*,*,#364,.F.);
#364 = EDGE_CURVE('',#365,#357,#367,.T.);
#365 = VERTEX_POINT('',#366);
#366 = CARTESIAN_POINT('',(-1.554312234475E-15,10.,-7.));
#367 = LINE('',#368,#369);
#368 = CARTESIAN_POINT('',(-1.554312234475E-15,10.,-7.));
#369 = VECTOR('',#370,1.);
#370 = DIRECTION('',(1.,4.440892098501E-16,-2.22044604925E-16));
#371 = ORIENTED_EDGE('',*,*,#372,.F.);
#372 = EDGE_CURVE('',#62,#365,#373,.T.);
#373 = LINE('',#374,#375);
#374 = CARTESIAN_POINT('',(-2.22044604925E-15,10.,-10.));
#375 = VECTOR('',#376,1.);
#376 = DIRECTION('',(2.22044604925E-16,-2.22044604925E-16,1.));
#377 = PLANE('',#378);
#378 = AXIS2_PLACEMENT_3D('',#379,#380,#381);
#379 = CARTESIAN_POINT('',(-2.22044604925E-15,10.,-10.));
#380 = DIRECTION('',(4.440892098501E-16,-1.,-2.22044604925E-16));
#381 = DIRECTION('',(2.22044604925E-16,-2.22044604925E-16,1.));
#382 = ADVANCED_FACE('',(#383),#417,.F.);
#383 = FACE_BOUND('',#384,.F.);
#384 = EDGE_LOOP('',(#385,#395,#403,#411));
#385 = ORIENTED_EDGE('',*,*,#386,.T.);
#386 = EDGE_CURVE('',#387,#389,#391,.T.);
#387 = VERTEX_POINT('',#388);
#388 = CARTESIAN_POINT('',(0.,2.5,-2.695675721031));
#389 = VERTEX_POINT('',#390);
#390 = CARTESIAN_POINT('',(165.2,2.5,-2.695675721031));
#391 = LINE('',#392,#393);
#392 = CARTESIAN_POINT('',(0.,2.5,-2.695675721031));
#393 = VECTOR('',#394,1.);
#394 = DIRECTION('',(1.,0.,0.));
#395 = ORIENTED_EDGE('',*,*,#396,.T.);
#396 = EDGE_CURVE('',#389,#397,#399,.T.);
#397 = VERTEX_POINT('',#398);
#398 = CARTESIAN_POINT('',(165.2,2.5,-0.5));
#399 = LINE('',#400,#401);
#400 = CARTESIAN_POINT('',(165.2,2.5,-2.695675721031));
#401 = VECTOR('',#402,1.);
#402 = DIRECTION('',(0.,0.,1.));
#403 = ORIENTED_EDGE('',*,*,#404,.F.);
#404 = EDGE_CURVE('',#405,#397,#407,.T.);
#405 = VERTEX_POINT('',#406);
#406 = CARTESIAN_POINT('',(0.,2.5,-0.5));
#407 = LINE('',#408,#409);
#408 = CARTESIAN_POINT('',(0.,2.5,-0.5));
#409 = VECTOR('',#410,1.);
#410 = DIRECTION('',(1.,0.,0.));
#411 = ORIENTED_EDGE('',*,*,#412,.F.);
#412 = EDGE_CURVE('',#387,#405,#413,.T.);
#413 = LINE('',#414,#415);
#414 = CARTESIAN_POINT('',(0.,2.5,-2.695675721031));
#415 = VECTOR('',#416,1.);
#416 = DIRECTION('',(0.,0.,1.));
#417 = PLANE('',#418);
#418 = AXIS2_PLACEMENT_3D('',#419,#420,#421);
#419 = CARTESIAN_POINT('',(0.,2.5,-2.695675721031));
#420 = DIRECTION('',(0.,-1.,0.));
#421 = DIRECTION('',(0.,0.,1.));
#422 = ADVANCED_FACE('',(#423),#450,.F.);
#423 = FACE_BOUND('',#424,.T.);
#424 = EDGE_LOOP('',(#425,#426,#435,#443));
#425 = ORIENTED_EDGE('',*,*,#386,.T.);
#426 = ORIENTED_EDGE('',*,*,#427,.T.);
#427 = EDGE_CURVE('',#389,#428,#430,.T.);
#428 = VERTEX_POINT('',#429);
#429 = CARTESIAN_POINT('',(165.2,4.726391461858,-5.594214978953));
#430 = CIRCLE('',#431,3.);
#431 = AXIS2_PLACEMENT_3D('',#432,#433,#434);
#432 = CARTESIAN_POINT('',(165.2,5.5,-2.695675721031));
#433 = DIRECTION('',(1.,0.,0.));
#434 = DIRECTION('',(0.,1.,0.));
#435 = ORIENTED_EDGE('',*,*,#436,.F.);
#436 = EDGE_CURVE('',#437,#428,#439,.T.);
#437 = VERTEX_POINT('',#438);
#438 = CARTESIAN_POINT('',(0.,4.726391461858,-5.594214978953));
#439 = LINE('',#440,#441);
#440 = CARTESIAN_POINT('',(0.,4.726391461858,-5.594214978953));
#441 = VECTOR('',#442,1.);
#442 = DIRECTION('',(1.,0.,0.));
#443 = ORIENTED_EDGE('',*,*,#444,.F.);
#444 = EDGE_CURVE('',#387,#437,#445,.T.);
#445 = CIRCLE('',#446,3.);
#446 = AXIS2_PLACEMENT_3D('',#447,#448,#449);
#447 = CARTESIAN_POINT('',(0.,5.5,-2.695675721031));
#448 = DIRECTION('',(1.,0.,0.));
#449 = DIRECTION('',(0.,1.,0.));
#450 = CYLINDRICAL_SURFACE('',#451,3.);
#451 = AXIS2_PLACEMENT_3D('',#452,#453,#454);
#452 = CARTESIAN_POINT('',(0.,5.5,-2.695675721031));
#453 = DIRECTION('',(-1.,-0.,-0.));
#454 = DIRECTION('',(0.,1.,0.));
#455 = ADVANCED_FACE('',(#456),#483,.T.);
#456 = FACE_BOUND('',#457,.F.);
#457 = EDGE_LOOP('',(#458,#459,#468,#476));
#458 = ORIENTED_EDGE('',*,*,#404,.T.);
#459 = ORIENTED_EDGE('',*,*,#460,.T.);
#460 = EDGE_CURVE('',#397,#461,#463,.T.);
#461 = VERTEX_POINT('',#462);
#462 = CARTESIAN_POINT('',(165.2,2.,0.));
#463 = CIRCLE('',#464,0.5);
#464 = AXIS2_PLACEMENT_3D('',#465,#466,#467);
#465 = CARTESIAN_POINT('',(165.2,2.,-0.5));
#466 = DIRECTION('',(1.,0.,0.));
#467 = DIRECTION('',(0.,1.,0.));
#468 = ORIENTED_EDGE('',*,*,#469,.F.);
#469 = EDGE_CURVE('',#470,#461,#472,.T.);
#470 = VERTEX_POINT('',#471);
#471 = CARTESIAN_POINT('',(0.,2.,0.));
#472 = LINE('',#473,#474);
#473 = CARTESIAN_POINT('',(0.,2.,0.));
#474 = VECTOR('',#475,1.);
#475 = DIRECTION('',(1.,0.,0.));
#476 = ORIENTED_EDGE('',*,*,#477,.F.);
#477 = EDGE_CURVE('',#405,#470,#478,.T.);
#478 = CIRCLE('',#479,0.5);
#479 = AXIS2_PLACEMENT_3D('',#480,#481,#482);
#480 = CARTESIAN_POINT('',(0.,2.,-0.5));
#481 = DIRECTION('',(1.,0.,0.));
#482 = DIRECTION('',(0.,1.,0.));
#483 = CYLINDRICAL_SURFACE('',#484,0.5);
#484 = AXIS2_PLACEMENT_3D('',#485,#486,#487);
#485 = CARTESIAN_POINT('',(0.,2.,-0.5));
#486 = DIRECTION('',(-1.,-0.,-0.));
#487 = DIRECTION('',(0.,1.,0.));
#488 = ADVANCED_FACE('',(#489),#514,.F.);
#489 = FACE_BOUND('',#490,.F.);
#490 = EDGE_LOOP('',(#491,#501,#507,#508));
#491 = ORIENTED_EDGE('',*,*,#492,.T.);
#492 = EDGE_CURVE('',#493,#495,#497,.T.);
#493 = VERTEX_POINT('',#494);
#494 = CARTESIAN_POINT('',(0.,9.9935555,-7.));
#495 = VERTEX_POINT('',#496);
#496 = CARTESIAN_POINT('',(165.2,9.9935555,-7.));
#497 = LINE('',#498,#499);
#498 = CARTESIAN_POINT('',(0.,9.9935555,-7.));
#499 = VECTOR('',#500,1.);
#500 = DIRECTION('',(1.,0.,0.));
#501 = ORIENTED_EDGE('',*,*,#502,.T.);
#502 = EDGE_CURVE('',#495,#428,#503,.T.);
#503 = LINE('',#504,#505);
#504 = CARTESIAN_POINT('',(165.2,9.9935555,-7.));
#505 = VECTOR('',#506,1.);
#506 = DIRECTION('',(0.,-0.966179752641,0.257869512714));
#507 = ORIENTED_EDGE('',*,*,#436,.F.);
#508 = ORIENTED_EDGE('',*,*,#509,.F.);
#509 = EDGE_CURVE('',#493,#437,#510,.T.);
#510 = LINE('',#511,#512);
#511 = CARTESIAN_POINT('',(0.,9.9935555,-7.));
#512 = VECTOR('',#513,1.);
#513 = DIRECTION('',(0.,-0.966179752641,0.257869512714));
#514 = PLANE('',#515);
#515 = AXIS2_PLACEMENT_3D('',#516,#517,#518);
#516 = CARTESIAN_POINT('',(0.,9.9935555,-7.));
#517 = DIRECTION('',(0.,-0.257869512714,-0.966179752641));
#518 = DIRECTION('',(0.,-0.966179752641,0.257869512714));
#519 = ADVANCED_FACE('',(#520),#545,.F.);
#520 = FACE_BOUND('',#521,.F.);
#521 = EDGE_LOOP('',(#522,#523,#531,#539));
#522 = ORIENTED_EDGE('',*,*,#469,.T.);
#523 = ORIENTED_EDGE('',*,*,#524,.T.);
#524 = EDGE_CURVE('',#461,#525,#527,.T.);
#525 = VERTEX_POINT('',#526);
#526 = CARTESIAN_POINT('',(165.2,-2.,0.));
#527 = LINE('',#528,#529);
#528 = CARTESIAN_POINT('',(165.2,2.,0.));
#529 = VECTOR('',#530,1.);
#530 = DIRECTION('',(0.,-1.,0.));
#531 = ORIENTED_EDGE('',*,*,#532,.F.);
#532 = EDGE_CURVE('',#533,#525,#535,.T.);
#533 = VERTEX_POINT('',#534);
#534 = CARTESIAN_POINT('',(0.,-2.,0.));
#535 = LINE('',#536,#537);
#536 = CARTESIAN_POINT('',(0.,-2.,0.));
#537 = VECTOR('',#538,1.);
#538 = DIRECTION('',(1.,0.,0.));
#539 = ORIENTED_EDGE('',*,*,#540,.F.);
#540 = EDGE_CURVE('',#470,#533,#541,.T.);
#541 = LINE('',#542,#543);
#542 = CARTESIAN_POINT('',(0.,2.,0.));
#543 = VECTOR('',#544,1.);
#544 = DIRECTION('',(0.,-1.,0.));
#545 = PLANE('',#546);
#546 = AXIS2_PLACEMENT_3D('',#547,#548,#549);
#547 = CARTESIAN_POINT('',(0.,2.,0.));
#548 = DIRECTION('',(0.,0.,-1.));
#549 = DIRECTION('',(0.,-1.,0.));
#550 = ADVANCED_FACE('',(#551),#578,.T.);
#551 = FACE_BOUND('',#552,.F.);
#552 = EDGE_LOOP('',(#553,#554,#563,#571));
#553 = ORIENTED_EDGE('',*,*,#532,.T.);
#554 = ORIENTED_EDGE('',*,*,#555,.T.);
#555 = EDGE_CURVE('',#525,#556,#558,.T.);
#556 = VERTEX_POINT('',#557);
#557 = CARTESIAN_POINT('',(165.2,-2.5,-0.5));
#558 = CIRCLE('',#559,0.5);
#559 = AXIS2_PLACEMENT_3D('',#560,#561,#562);
#560 = CARTESIAN_POINT('',(165.2,-2.,-0.5));
#561 = DIRECTION('',(1.,0.,0.));
#562 = DIRECTION('',(0.,1.,0.));
#563 = ORIENTED_EDGE('',*,*,#564,.F.);
#564 = EDGE_CURVE('',#565,#556,#567,.T.);
#565 = VERTEX_POINT('',#566);
#566 = CARTESIAN_POINT('',(0.,-2.5,-0.5));
#567 = LINE('',#568,#569);
#568 = CARTESIAN_POINT('',(0.,-2.5,-0.5));
#569 = VECTOR('',#570,1.);
#570 = DIRECTION('',(1.,0.,0.));
#571 = ORIENTED_EDGE('',*,*,#572,.F.);
#572 = EDGE_CURVE('',#533,#565,#573,.T.);
#573 = CIRCLE('',#574,0.5);
#574 = AXIS2_PLACEMENT_3D('',#575,#576,#577);
#575 = CARTESIAN_POINT('',(0.,-2.,-0.5));
#576 = DIRECTION('',(1.,0.,0.));
#577 = DIRECTION('',(0.,1.,0.));
#578 = CYLINDRICAL_SURFACE('',#579,0.5);
#579 = AXIS2_PLACEMENT_3D('',#580,#581,#582);
#580 = CARTESIAN_POINT('',(0.,-2.,-0.5));
#581 = DIRECTION('',(-1.,-0.,-0.));
#582 = DIRECTION('',(0.,1.,0.));
#583 = ADVANCED_FACE('',(#584),#609,.F.);
#584 = FACE_BOUND('',#585,.F.);
#585 = EDGE_LOOP('',(#586,#587,#595,#603));
#586 = ORIENTED_EDGE('',*,*,#564,.T.);
#587 = ORIENTED_EDGE('',*,*,#588,.T.);
#588 = EDGE_CURVE('',#556,#589,#591,.T.);
#589 = VERTEX_POINT('',#590);
#590 = CARTESIAN_POINT('',(165.2,-2.5,-2.695675721031));
#591 = LINE('',#592,#593);
#592 = CARTESIAN_POINT('',(165.2,-2.5,-0.5));
#593 = VECTOR('',#594,1.);
#594 = DIRECTION('',(0.,0.,-1.));
#595 = ORIENTED_EDGE('',*,*,#596,.F.);
#596 = EDGE_CURVE('',#597,#589,#599,.T.);
#597 = VERTEX_POINT('',#598);
#598 = CARTESIAN_POINT('',(0.,-2.5,-2.695675721031));
#599 = LINE('',#600,#601);
#600 = CARTESIAN_POINT('',(0.,-2.5,-2.695675721031));
#601 = VECTOR('',#602,1.);
#602 = DIRECTION('',(1.,0.,0.));
#603 = ORIENTED_EDGE('',*,*,#604,.F.);
#604 = EDGE_CURVE('',#565,#597,#605,.T.);
#605 = LINE('',#606,#607);
#606 = CARTESIAN_POINT('',(0.,-2.5,-0.5));
#607 = VECTOR('',#608,1.);
#608 = DIRECTION('',(0.,0.,-1.));
#609 = PLANE('',#610);
#610 = AXIS2_PLACEMENT_3D('',#611,#612,#613);
#611 = CARTESIAN_POINT('',(0.,-2.5,-0.5));
#612 = DIRECTION('',(0.,1.,0.));
#613 = DIRECTION('',(0.,0.,-1.));
#614 = ADVANCED_FACE('',(#615),#642,.F.);
#615 = FACE_BOUND('',#616,.T.);
#616 = EDGE_LOOP('',(#617,#627,#634,#635));
#617 = ORIENTED_EDGE('',*,*,#618,.T.);
#618 = EDGE_CURVE('',#619,#621,#623,.T.);
#619 = VERTEX_POINT('',#620);
#620 = CARTESIAN_POINT('',(0.,-4.726391461858,-5.594214978953));
#621 = VERTEX_POINT('',#622);
#622 = CARTESIAN_POINT('',(165.2,-4.726391461858,-5.594214978953));
#623 = LINE('',#624,#625);
#624 = CARTESIAN_POINT('',(0.,-4.726391461858,-5.594214978953));
#625 = VECTOR('',#626,1.);
#626 = DIRECTION('',(1.,0.,0.));
#627 = ORIENTED_EDGE('',*,*,#628,.T.);
#628 = EDGE_CURVE('',#621,#589,#629,.T.);
#629 = CIRCLE('',#630,3.);
#630 = AXIS2_PLACEMENT_3D('',#631,#632,#633);
#631 = CARTESIAN_POINT('',(165.2,-5.5,-2.695675721031));
#632 = DIRECTION('',(1.,0.,0.));
#633 = DIRECTION('',(0.,1.,0.));
#634 = ORIENTED_EDGE('',*,*,#596,.F.);
#635 = ORIENTED_EDGE('',*,*,#636,.F.);
#636 = EDGE_CURVE('',#619,#597,#637,.T.);
#637 = CIRCLE('',#638,3.);
#638 = AXIS2_PLACEMENT_3D('',#639,#640,#641);
#639 = CARTESIAN_POINT('',(0.,-5.5,-2.695675721031));
#640 = DIRECTION('',(1.,0.,0.));
#641 = DIRECTION('',(0.,1.,0.));
#642 = CYLINDRICAL_SURFACE('',#643,3.);
#643 = AXIS2_PLACEMENT_3D('',#644,#645,#646);
#644 = CARTESIAN_POINT('',(0.,-5.5,-2.695675721031));
#645 = DIRECTION('',(-1.,-0.,-0.));
#646 = DIRECTION('',(0.,1.,0.));
#647 = ADVANCED_FACE('',(#648),#673,.F.);
#648 = FACE_BOUND('',#649,.F.);
#649 = EDGE_LOOP('',(#650,#651,#659,#667));
#650 = ORIENTED_EDGE('',*,*,#618,.T.);
#651 = ORIENTED_EDGE('',*,*,#652,.T.);
#652 = EDGE_CURVE('',#621,#653,#655,.T.);
#653 = VERTEX_POINT('',#654);
#654 = CARTESIAN_POINT('',(165.2,-9.9935555,-7.));
#655 = LINE('',#656,#657);
#656 = CARTESIAN_POINT('',(165.2,-4.726391461858,-5.594214978953));
#657 = VECTOR('',#658,1.);
#658 = DIRECTION('',(0.,-0.966179752641,-0.257869512714));
#659 = ORIENTED_EDGE('',*,*,#660,.F.);
#660 = EDGE_CURVE('',#661,#653,#663,.T.);
#661 = VERTEX_POINT('',#662);
#662 = CARTESIAN_POINT('',(0.,-9.9935555,-7.));
#663 = LINE('',#664,#665);
#664 = CARTESIAN_POINT('',(0.,-9.9935555,-7.));
#665 = VECTOR('',#666,1.);
#666 = DIRECTION('',(1.,0.,0.));
#667 = ORIENTED_EDGE('',*,*,#668,.F.);
#668 = EDGE_CURVE('',#619,#661,#669,.T.);
#669 = LINE('',#670,#671);
#670 = CARTESIAN_POINT('',(0.,-4.726391461858,-5.594214978953));
#671 = VECTOR('',#672,1.);
#672 = DIRECTION('',(0.,-0.966179752641,-0.257869512714));
#673 = PLANE('',#674);
#674 = AXIS2_PLACEMENT_3D('',#675,#676,#677);
#675 = CARTESIAN_POINT('',(0.,-4.726391461858,-5.594214978953));
#676 = DIRECTION('',(0.,0.257869512714,-0.966179752641));
#677 = DIRECTION('',(0.,-0.966179752641,-0.257869512714));
#678 = ADVANCED_FACE('',(#679),#695,.F.);
#679 = FACE_BOUND('',#680,.F.);
#680 = EDGE_LOOP('',(#681,#687,#688,#694));
#681 = ORIENTED_EDGE('',*,*,#682,.F.);
#682 = EDGE_CURVE('',#365,#493,#683,.T.);
#683 = LINE('',#684,#685);
#684 = CARTESIAN_POINT('',(-1.554312234475E-15,10.,-7.));
#685 = VECTOR('',#686,1.);
#686 = DIRECTION('',(4.440892098501E-16,-1.,-2.22044604925E-16));
#687 = ORIENTED_EDGE('',*,*,#364,.T.);
#688 = ORIENTED_EDGE('',*,*,#689,.T.);
#689 = EDGE_CURVE('',#357,#495,#690,.T.);
#690 = LINE('',#691,#692);
#691 = CARTESIAN_POINT('',(165.2,10.,-7.));
#692 = VECTOR('',#693,1.);
#693 = DIRECTION('',(4.440892098501E-16,-1.,-2.22044604925E-16));
#694 = ORIENTED_EDGE('',*,*,#492,.F.);
#695 = PLANE('',#696);
#696 = AXIS2_PLACEMENT_3D('',#697,#698,#699);
#697 = CARTESIAN_POINT('',(-1.554312234475E-15,10.,-7.));
#698 = DIRECTION('',(-2.22044604925E-16,2.22044604925E-16,-1.));
#699 = DIRECTION('',(4.440892098501E-16,-1.,-2.22044604925E-16));
#700 = ADVANCED_FACE('',(#701),#726,.F.);
#701 = FACE_BOUND('',#702,.F.);
#702 = EDGE_LOOP('',(#703,#711,#712,#720));
#703 = ORIENTED_EDGE('',*,*,#704,.F.);
#704 = EDGE_CURVE('',#661,#705,#707,.T.);
#705 = VERTEX_POINT('',#706);
#706 = CARTESIAN_POINT('',(7.327471962526E-15,-10.,-7.));
#707 = LINE('',#708,#709);
#708 = CARTESIAN_POINT('',(-1.554312234475E-15,10.,-7.));
#709 = VECTOR('',#710,1.);
#710 = DIRECTION('',(4.440892098501E-16,-1.,-2.22044604925E-16));
#711 = ORIENTED_EDGE('',*,*,#660,.T.);
#712 = ORIENTED_EDGE('',*,*,#713,.T.);
#713 = EDGE_CURVE('',#653,#714,#716,.T.);
#714 = VERTEX_POINT('',#715);
#715 = CARTESIAN_POINT('',(165.2,-10.,-7.));
#716 = LINE('',#717,#718);
#717 = CARTESIAN_POINT('',(165.2,10.,-7.));
#718 = VECTOR('',#719,1.);
#719 = DIRECTION('',(4.440892098501E-16,-1.,-2.22044604925E-16));
#720 = ORIENTED_EDGE('',*,*,#721,.F.);
#721 = EDGE_CURVE('',#705,#714,#722,.T.);
#722 = LINE('',#723,#724);
#723 = CARTESIAN_POINT('',(7.327471962526E-15,-10.,-7.));
#724 = VECTOR('',#725,1.);
#725 = DIRECTION('',(1.,4.440892098501E-16,-2.22044604925E-16));
#726 = PLANE('',#727);
#727 = AXIS2_PLACEMENT_3D('',#728,#729,#730);
#728 = CARTESIAN_POINT('',(-1.554312234475E-15,10.,-7.));
#729 = DIRECTION('',(-2.22044604925E-16,2.22044604925E-16,-1.));
#730 = DIRECTION('',(4.440892098501E-16,-1.,-2.22044604925E-16));
#731 = ADVANCED_FACE('',(#732),#748,.F.);
#732 = FACE_BOUND('',#733,.F.);
#733 = EDGE_LOOP('',(#734,#735,#741,#742));
#734 = ORIENTED_EDGE('',*,*,#721,.T.);
#735 = ORIENTED_EDGE('',*,*,#736,.T.);
#736 = EDGE_CURVE('',#714,#46,#737,.T.);
#737 = LINE('',#738,#739);
#738 = CARTESIAN_POINT('',(165.2,-10.,-7.));
#739 = VECTOR('',#740,1.);
#740 = DIRECTION('',(-2.22044604925E-16,2.22044604925E-16,-1.));
#741 = ORIENTED_EDGE('',*,*,#43,.F.);
#742 = ORIENTED_EDGE('',*,*,#743,.F.);
#743 = EDGE_CURVE('',#705,#44,#744,.T.);
#744 = LINE('',#745,#746);
#745 = CARTESIAN_POINT('',(7.327471962526E-15,-10.,-7.));
#746 = VECTOR('',#747,1.);
#747 = DIRECTION('',(-2.22044604925E-16,2.22044604925E-16,-1.));
#748 = PLANE('',#749);
#749 = AXIS2_PLACEMENT_3D('',#750,#751,#752);
#750 = CARTESIAN_POINT('',(7.327471962526E-15,-10.,-7.));
#751 = DIRECTION('',(-4.440892098501E-16,1.,2.22044604925E-16));
#752 = DIRECTION('',(-2.22044604925E-16,2.22044604925E-16,-1.));
#753 = ADVANCED_FACE('',(#754),#795,.F.);
#754 = FACE_BOUND('',#755,.F.);
#755 = EDGE_LOOP('',(#756,#757,#765,#773,#781,#789));
#756 = ORIENTED_EDGE('',*,*,#77,.F.);
#757 = ORIENTED_EDGE('',*,*,#758,.T.);
#758 = EDGE_CURVE('',#78,#759,#761,.T.);
#759 = VERTEX_POINT('',#760);
#760 = CARTESIAN_POINT('',(159.975,-1.6,-9.88));
#761 = LINE('',#762,#763);
#762 = CARTESIAN_POINT('',(159.975,-1.6,-10.));
#763 = VECTOR('',#764,1.);
#764 = DIRECTION('',(2.044604925031E-18,-2.22044604925E-16,1.));
#765 = ORIENTED_EDGE('',*,*,#766,.T.);
#766 = EDGE_CURVE('',#759,#767,#769,.T.);
#767 = VERTEX_POINT('',#768);
#768 = CARTESIAN_POINT('',(157.995,-1.6,-7.9));
#769 = LINE('',#770,#771);
#770 = CARTESIAN_POINT('',(159.51,-1.6,-9.415));
#771 = VECTOR('',#772,1.);
#772 = DIRECTION('',(-0.707106781187,-4.710277376051E-16,0.707106781187)
  );
#773 = ORIENTED_EDGE('',*,*,#774,.T.);
#774 = EDGE_CURVE('',#767,#775,#777,.T.);
#775 = VERTEX_POINT('',#776);
#776 = CARTESIAN_POINT('',(151.755,-1.6,-7.9));
#777 = LINE('',#778,#779);
#778 = CARTESIAN_POINT('',(159.975,-1.6,-7.9));
#779 = VECTOR('',#780,1.);
#780 = DIRECTION('',(-1.,-4.440892098501E-16,2.22044604925E-16));
#781 = ORIENTED_EDGE('',*,*,#782,.F.);
#782 = EDGE_CURVE('',#783,#775,#785,.T.);
#783 = VERTEX_POINT('',#784);
#784 = CARTESIAN_POINT('',(149.775,-1.6,-9.88));
#785 = LINE('',#786,#787);
#786 = CARTESIAN_POINT('',(152.79,-1.6,-6.865));
#787 = VECTOR('',#788,1.);
#788 = DIRECTION('',(0.707106781187,1.570092458684E-16,0.707106781187));
#789 = ORIENTED_EDGE('',*,*,#790,.F.);
#790 = EDGE_CURVE('',#80,#783,#791,.T.);
#791 = LINE('',#792,#793);
#792 = CARTESIAN_POINT('',(149.775,-1.6,-10.));
#793 = VECTOR('',#794,1.);
#794 = DIRECTION('',(2.044604925031E-18,-2.22044604925E-16,1.));
#795 = PLANE('',#796);
#796 = AXIS2_PLACEMENT_3D('',#797,#798,#799);
#797 = CARTESIAN_POINT('',(159.975,-1.6,-10.));
#798 = DIRECTION('',(4.440892098501E-16,-1.,-2.22044604925E-16));
#799 = DIRECTION('',(-1.,-4.440892098501E-16,2.044604925031E-18));
#800 = ADVANCED_FACE('',(#801),#819,.F.);
#801 = FACE_BOUND('',#802,.F.);
#802 = EDGE_LOOP('',(#803,#804,#812,#818));
#803 = ORIENTED_EDGE('',*,*,#103,.F.);
#804 = ORIENTED_EDGE('',*,*,#805,.T.);
#805 = EDGE_CURVE('',#96,#806,#808,.T.);
#806 = VERTEX_POINT('',#807);
#807 = CARTESIAN_POINT('',(159.975,1.6,-9.88));
#808 = LINE('',#809,#810);
#809 = CARTESIAN_POINT('',(159.975,1.6,-10.));
#810 = VECTOR('',#811,1.);
#811 = DIRECTION('',(2.044604925031E-18,-2.22044604925E-16,1.));
#812 = ORIENTED_EDGE('',*,*,#813,.T.);
#813 = EDGE_CURVE('',#806,#759,#814,.T.);
#814 = LINE('',#815,#816);
#815 = CARTESIAN_POINT('',(159.975,1.6,-9.88));
#816 = VECTOR('',#817,1.);
#817 = DIRECTION('',(4.440892098501E-16,-1.,-2.22044604925E-16));
#818 = ORIENTED_EDGE('',*,*,#758,.F.);
#819 = PLANE('',#820);
#820 = AXIS2_PLACEMENT_3D('',#821,#822,#823);
#821 = CARTESIAN_POINT('',(159.975,1.6,-10.));
#822 = DIRECTION('',(1.,4.440892098501E-16,-2.044604925031E-18));
#823 = DIRECTION('',(4.440892098501E-16,-1.,-2.22044604925E-16));
#824 = ADVANCED_FACE('',(#825),#859,.F.);
#825 = FACE_BOUND('',#826,.F.);
#826 = EDGE_LOOP('',(#827,#828,#836,#844,#852,#858));
#827 = ORIENTED_EDGE('',*,*,#95,.F.);
#828 = ORIENTED_EDGE('',*,*,#829,.T.);
#829 = EDGE_CURVE('',#88,#830,#832,.T.);
#830 = VERTEX_POINT('',#831);
#831 = CARTESIAN_POINT('',(149.775,1.6,-9.88));
#832 = LINE('',#833,#834);
#833 = CARTESIAN_POINT('',(149.775,1.6,-10.));
#834 = VECTOR('',#835,1.);
#835 = DIRECTION('',(2.044604925031E-18,-2.22044604925E-16,1.));
#836 = ORIENTED_EDGE('',*,*,#837,.T.);
#837 = EDGE_CURVE('',#830,#838,#840,.T.);
#838 = VERTEX_POINT('',#839);
#839 = CARTESIAN_POINT('',(151.755,1.6,-7.9));
#840 = LINE('',#841,#842);
#841 = CARTESIAN_POINT('',(150.24,1.6,-9.415));
#842 = VECTOR('',#843,1.);
#843 = DIRECTION('',(0.707106781187,1.570092458684E-16,0.707106781187));
#844 = ORIENTED_EDGE('',*,*,#845,.T.);
#845 = EDGE_CURVE('',#838,#846,#848,.T.);
#846 = VERTEX_POINT('',#847);
#847 = CARTESIAN_POINT('',(157.995,1.6,-7.9));
#848 = LINE('',#849,#850);
#849 = CARTESIAN_POINT('',(149.775,1.6,-7.9));
#850 = VECTOR('',#851,1.);
#851 = DIRECTION('',(1.,4.440892098501E-16,-2.22044604925E-16));
#852 = ORIENTED_EDGE('',*,*,#853,.F.);
#853 = EDGE_CURVE('',#806,#846,#854,.T.);
#854 = LINE('',#855,#856);
#855 = CARTESIAN_POINT('',(156.96,1.6,-6.865));
#856 = VECTOR('',#857,1.);
#857 = DIRECTION('',(-0.707106781187,-4.710277376051E-16,0.707106781187)
  );
#858 = ORIENTED_EDGE('',*,*,#805,.F.);
#859 = PLANE('',#860);
#860 = AXIS2_PLACEMENT_3D('',#861,#862,#863);
#861 = CARTESIAN_POINT('',(149.775,1.6,-10.));
#862 = DIRECTION('',(-4.440892098501E-16,1.,2.22044604925E-16));
#863 = DIRECTION('',(1.,4.440892098501E-16,-2.044604925031E-18));
#864 = ADVANCED_FACE('',(#865),#876,.F.);
#865 = FACE_BOUND('',#866,.F.);
#866 = EDGE_LOOP('',(#867,#868,#869,#875));
#867 = ORIENTED_EDGE('',*,*,#87,.F.);
#868 = ORIENTED_EDGE('',*,*,#790,.T.);
#869 = ORIENTED_EDGE('',*,*,#870,.T.);
#870 = EDGE_CURVE('',#783,#830,#871,.T.);
#871 = LINE('',#872,#873);
#872 = CARTESIAN_POINT('',(149.775,-1.6,-9.88));
#873 = VECTOR('',#874,1.);
#874 = DIRECTION('',(-4.440892098501E-16,1.,2.22044604925E-16));
#875 = ORIENTED_EDGE('',*,*,#829,.F.);
#876 = PLANE('',#877);
#877 = AXIS2_PLACEMENT_3D('',#878,#879,#880);
#878 = CARTESIAN_POINT('',(149.775,-1.6,-10.));
#879 = DIRECTION('',(-1.,-4.440892098501E-16,2.044604925031E-18));
#880 = DIRECTION('',(-4.440892098501E-16,1.,2.22044604925E-16));
#881 = ADVANCED_FACE('',(#882),#923,.F.);
#882 = FACE_BOUND('',#883,.F.);
#883 = EDGE_LOOP('',(#884,#885,#893,#901,#909,#917));
#884 = ORIENTED_EDGE('',*,*,#111,.F.);
#885 = ORIENTED_EDGE('',*,*,#886,.T.);
#886 = EDGE_CURVE('',#112,#887,#889,.T.);
#887 = VERTEX_POINT('',#888);
#888 = CARTESIAN_POINT('',(139.325,-1.6,-9.88));
#889 = LINE('',#890,#891);
#890 = CARTESIAN_POINT('',(139.325,-1.6,-10.));
#891 = VECTOR('',#892,1.);
#892 = DIRECTION('',(2.044604925031E-18,-2.22044604925E-16,1.));
#893 = ORIENTED_EDGE('',*,*,#894,.T.);
#894 = EDGE_CURVE('',#887,#895,#897,.T.);
#895 = VERTEX_POINT('',#896);
#896 = CARTESIAN_POINT('',(137.345,-1.6,-7.9));
#897 = LINE('',#898,#899);
#898 = CARTESIAN_POINT('',(138.86,-1.6,-9.415));
#899 = VECTOR('',#900,1.);
#900 = DIRECTION('',(-0.707106781187,-4.710277376051E-16,0.707106781187)
  );
#901 = ORIENTED_EDGE('',*,*,#902,.T.);
#902 = EDGE_CURVE('',#895,#903,#905,.T.);
#903 = VERTEX_POINT('',#904);
#904 = CARTESIAN_POINT('',(131.105,-1.6,-7.9));
#905 = LINE('',#906,#907);
#906 = CARTESIAN_POINT('',(139.325,-1.6,-7.9));
#907 = VECTOR('',#908,1.);
#908 = DIRECTION('',(-1.,-4.440892098501E-16,2.22044604925E-16));
#909 = ORIENTED_EDGE('',*,*,#910,.F.);
#910 = EDGE_CURVE('',#911,#903,#913,.T.);
#911 = VERTEX_POINT('',#912);
#912 = CARTESIAN_POINT('',(129.125,-1.6,-9.88));
#913 = LINE('',#914,#915);
#914 = CARTESIAN_POINT('',(132.14,-1.6,-6.865));
#915 = VECTOR('',#916,1.);
#916 = DIRECTION('',(0.707106781187,1.570092458684E-16,0.707106781187));
#917 = ORIENTED_EDGE('',*,*,#918,.F.);
#918 = EDGE_CURVE('',#114,#911,#919,.T.);
#919 = LINE('',#920,#921);
#920 = CARTESIAN_POINT('',(129.125,-1.6,-10.));
#921 = VECTOR('',#922,1.);
#922 = DIRECTION('',(2.044604925031E-18,-2.22044604925E-16,1.));
#923 = PLANE('',#924);
#924 = AXIS2_PLACEMENT_3D('',#925,#926,#927);
#925 = CARTESIAN_POINT('',(139.325,-1.6,-10.));
#926 = DIRECTION('',(4.440892098501E-16,-1.,-2.22044604925E-16));
#927 = DIRECTION('',(-1.,-4.440892098501E-16,2.044604925031E-18));
#928 = ADVANCED_FACE('',(#929),#947,.F.);
#929 = FACE_BOUND('',#930,.F.);
#930 = EDGE_LOOP('',(#931,#932,#940,#946));
#931 = ORIENTED_EDGE('',*,*,#137,.F.);
#932 = ORIENTED_EDGE('',*,*,#933,.T.);
#933 = EDGE_CURVE('',#130,#934,#936,.T.);
#934 = VERTEX_POINT('',#935);
#935 = CARTESIAN_POINT('',(139.325,1.6,-9.88));
#936 = LINE('',#937,#938);
#937 = CARTESIAN_POINT('',(139.325,1.6,-10.));
#938 = VECTOR('',#939,1.);
#939 = DIRECTION('',(2.044604925031E-18,-2.22044604925E-16,1.));
#940 = ORIENTED_EDGE('',*,*,#941,.T.);
#941 = EDGE_CURVE('',#934,#887,#942,.T.);
#942 = LINE('',#943,#944);
#943 = CARTESIAN_POINT('',(139.325,1.6,-9.88));
#944 = VECTOR('',#945,1.);
#945 = DIRECTION('',(4.440892098501E-16,-1.,-2.22044604925E-16));
#946 = ORIENTED_EDGE('',*,*,#886,.F.);
#947 = PLANE('',#948);
#948 = AXIS2_PLACEMENT_3D('',#949,#950,#951);
#949 = CARTESIAN_POINT('',(139.325,1.6,-10.));
#950 = DIRECTION('',(1.,4.440892098501E-16,-2.044604925031E-18));
#951 = DIRECTION('',(4.440892098501E-16,-1.,-2.22044604925E-16));
#952 = ADVANCED_FACE('',(#953),#987,.F.);
#953 = FACE_BOUND('',#954,.F.);
#954 = EDGE_LOOP('',(#955,#956,#964,#972,#980,#986));
#955 = ORIENTED_EDGE('',*,*,#129,.F.);
#956 = ORIENTED_EDGE('',*,*,#957,.T.);
#957 = EDGE_CURVE('',#122,#958,#960,.T.);
#958 = VERTEX_POINT('',#959);
#959 = CARTESIAN_POINT('',(129.125,1.6,-9.88));
#960 = LINE('',#961,#962);
#961 = CARTESIAN_POINT('',(129.125,1.6,-10.));
#962 = VECTOR('',#963,1.);
#963 = DIRECTION('',(2.044604925031E-18,-2.22044604925E-16,1.));
#964 = ORIENTED_EDGE('',*,*,#965,.T.);
#965 = EDGE_CURVE('',#958,#966,#968,.T.);
#966 = VERTEX_POINT('',#967);
#967 = CARTESIAN_POINT('',(131.105,1.6,-7.9));
#968 = LINE('',#969,#970);
#969 = CARTESIAN_POINT('',(129.59,1.6,-9.415));
#970 = VECTOR('',#971,1.);
#971 = DIRECTION('',(0.707106781187,1.570092458684E-16,0.707106781187));
#972 = ORIENTED_EDGE('',*,*,#973,.T.);
#973 = EDGE_CURVE('',#966,#974,#976,.T.);
#974 = VERTEX_POINT('',#975);
#975 = CARTESIAN_POINT('',(137.345,1.6,-7.9));
#976 = LINE('',#977,#978);
#977 = CARTESIAN_POINT('',(129.125,1.6,-7.9));
#978 = VECTOR('',#979,1.);
#979 = DIRECTION('',(1.,4.440892098501E-16,-2.22044604925E-16));
#980 = ORIENTED_EDGE('',*,*,#981,.F.);
#981 = EDGE_CURVE('',#934,#974,#982,.T.);
#982 = LINE('',#983,#984);
#983 = CARTESIAN_POINT('',(136.31,1.6,-6.865));
#984 = VECTOR('',#985,1.);
#985 = DIRECTION('',(-0.707106781187,-4.710277376051E-16,0.707106781187)
  );
#986 = ORIENTED_EDGE('',*,*,#933,.F.);
#987 = PLANE('',#988);
#988 = AXIS2_PLACEMENT_3D('',#989,#990,#991);
#989 = CARTESIAN_POINT('',(129.125,1.6,-10.));
#990 = DIRECTION('',(-4.440892098501E-16,1.,2.22044604925E-16));
#991 = DIRECTION('',(1.,4.440892098501E-16,-2.044604925031E-18));
#992 = ADVANCED_FACE('',(#993),#1004,.F.);
#993 = FACE_BOUND('',#994,.F.);
#994 = EDGE_LOOP('',(#995,#996,#997,#1003));
#995 = ORIENTED_EDGE('',*,*,#121,.F.);
#996 = ORIENTED_EDGE('',*,*,#918,.T.);
#997 = ORIENTED_EDGE('',*,*,#998,.T.);
#998 = EDGE_CURVE('',#911,#958,#999,.T.);
#999 = LINE('',#1000,#1001);
#1000 = CARTESIAN_POINT('',(129.125,-1.6,-9.88));
#1001 = VECTOR('',#1002,1.);
#1002 = DIRECTION('',(-4.440892098501E-16,1.,2.22044604925E-16));
#1003 = ORIENTED_EDGE('',*,*,#957,.F.);
#1004 = PLANE('',#1005);
#1005 = AXIS2_PLACEMENT_3D('',#1006,#1007,#1008);
#1006 = CARTESIAN_POINT('',(129.125,-1.6,-10.));
#1007 = DIRECTION('',(-1.,-4.440892098501E-16,2.044604925031E-18));
#1008 = DIRECTION('',(-4.440892098501E-16,1.,2.22044604925E-16));
#1009 = ADVANCED_FACE('',(#1010),#1051,.F.);
#1010 = FACE_BOUND('',#1011,.F.);
#1011 = EDGE_LOOP('',(#1012,#1013,#1021,#1029,#1037,#1045));
#1012 = ORIENTED_EDGE('',*,*,#145,.F.);
#1013 = ORIENTED_EDGE('',*,*,#1014,.T.);
#1014 = EDGE_CURVE('',#146,#1015,#1017,.T.);
#1015 = VERTEX_POINT('',#1016);
#1016 = CARTESIAN_POINT('',(118.675,-1.6,-9.88));
#1017 = LINE('',#1018,#1019);
#1018 = CARTESIAN_POINT('',(118.675,-1.6,-10.));
#1019 = VECTOR('',#1020,1.);
#1020 = DIRECTION('',(2.044604925031E-18,-2.22044604925E-16,1.));
#1021 = ORIENTED_EDGE('',*,*,#1022,.T.);
#1022 = EDGE_CURVE('',#1015,#1023,#1025,.T.);
#1023 = VERTEX_POINT('',#1024);
#1024 = CARTESIAN_POINT('',(116.695,-1.6,-7.9));
#1025 = LINE('',#1026,#1027);
#1026 = CARTESIAN_POINT('',(118.21,-1.6,-9.415));
#1027 = VECTOR('',#1028,1.);
#1028 = DIRECTION('',(-0.707106781187,-4.710277376051E-16,0.707106781187
    ));
#1029 = ORIENTED_EDGE('',*,*,#1030,.T.);
#1030 = EDGE_CURVE('',#1023,#1031,#1033,.T.);
#1031 = VERTEX_POINT('',#1032);
#1032 = CARTESIAN_POINT('',(110.455,-1.6,-7.9));
#1033 = LINE('',#1034,#1035);
#1034 = CARTESIAN_POINT('',(118.675,-1.6,-7.9));
#1035 = VECTOR('',#1036,1.);
#1036 = DIRECTION('',(-1.,-4.440892098501E-16,2.22044604925E-16));
#1037 = ORIENTED_EDGE('',*,*,#1038,.F.);
#1038 = EDGE_CURVE('',#1039,#1031,#1041,.T.);
#1039 = VERTEX_POINT('',#1040);
#1040 = CARTESIAN_POINT('',(108.475,-1.6,-9.88));
#1041 = LINE('',#1042,#1043);
#1042 = CARTESIAN_POINT('',(111.49,-1.6,-6.865));
#1043 = VECTOR('',#1044,1.);
#1044 = DIRECTION('',(0.707106781187,1.570092458684E-16,0.707106781187)
  );
#1045 = ORIENTED_EDGE('',*,*,#1046,.F.);
#1046 = EDGE_CURVE('',#148,#1039,#1047,.T.);
#1047 = LINE('',#1048,#1049);
#1048 = CARTESIAN_POINT('',(108.475,-1.6,-10.));
#1049 = VECTOR('',#1050,1.);
#1050 = DIRECTION('',(2.044604925031E-18,-2.22044604925E-16,1.));
#1051 = PLANE('',#1052);
#1052 = AXIS2_PLACEMENT_3D('',#1053,#1054,#1055);
#1053 = CARTESIAN_POINT('',(118.675,-1.6,-10.));
#1054 = DIRECTION('',(4.440892098501E-16,-1.,-2.22044604925E-16));
#1055 = DIRECTION('',(-1.,-4.440892098501E-16,2.044604925031E-18));
#1056 = ADVANCED_FACE('',(#1057),#1075,.F.);
#1057 = FACE_BOUND('',#1058,.F.);
#1058 = EDGE_LOOP('',(#1059,#1060,#1068,#1074));
#1059 = ORIENTED_EDGE('',*,*,#171,.F.);
#1060 = ORIENTED_EDGE('',*,*,#1061,.T.);
#1061 = EDGE_CURVE('',#164,#1062,#1064,.T.);
#1062 = VERTEX_POINT('',#1063);
#1063 = CARTESIAN_POINT('',(118.675,1.6,-9.88));
#1064 = LINE('',#1065,#1066);
#1065 = CARTESIAN_POINT('',(118.675,1.6,-10.));
#1066 = VECTOR('',#1067,1.);
#1067 = DIRECTION('',(2.044604925031E-18,-2.22044604925E-16,1.));
#1068 = ORIENTED_EDGE('',*,*,#1069,.T.);
#1069 = EDGE_CURVE('',#1062,#1015,#1070,.T.);
#1070 = LINE('',#1071,#1072);
#1071 = CARTESIAN_POINT('',(118.675,1.6,-9.88));
#1072 = VECTOR('',#1073,1.);
#1073 = DIRECTION('',(4.440892098501E-16,-1.,-2.22044604925E-16));
#1074 = ORIENTED_EDGE('',*,*,#1014,.F.);
#1075 = PLANE('',#1076);
#1076 = AXIS2_PLACEMENT_3D('',#1077,#1078,#1079);
#1077 = CARTESIAN_POINT('',(118.675,1.6,-10.));
#1078 = DIRECTION('',(1.,4.440892098501E-16,-2.044604925031E-18));
#1079 = DIRECTION('',(4.440892098501E-16,-1.,-2.22044604925E-16));
#1080 = ADVANCED_FACE('',(#1081),#1115,.F.);
#1081 = FACE_BOUND('',#1082,.F.);
#1082 = EDGE_LOOP('',(#1083,#1084,#1092,#1100,#1108,#1114));
#1083 = ORIENTED_EDGE('',*,*,#163,.F.);
#1084 = ORIENTED_EDGE('',*,*,#1085,.T.);
#1085 = EDGE_CURVE('',#156,#1086,#1088,.T.);
#1086 = VERTEX_POINT('',#1087);
#1087 = CARTESIAN_POINT('',(108.475,1.6,-9.88));
#1088 = LINE('',#1089,#1090);
#1089 = CARTESIAN_POINT('',(108.475,1.6,-10.));
#1090 = VECTOR('',#1091,1.);
#1091 = DIRECTION('',(2.044604925031E-18,-2.22044604925E-16,1.));
#1092 = ORIENTED_EDGE('',*,*,#1093,.T.);
#1093 = EDGE_CURVE('',#1086,#1094,#1096,.T.);
#1094 = VERTEX_POINT('',#1095);
#1095 = CARTESIAN_POINT('',(110.455,1.6,-7.9));
#1096 = LINE('',#1097,#1098);
#1097 = CARTESIAN_POINT('',(108.94,1.6,-9.415));
#1098 = VECTOR('',#1099,1.);
#1099 = DIRECTION('',(0.707106781187,1.570092458684E-16,0.707106781187)
  );
#1100 = ORIENTED_EDGE('',*,*,#1101,.T.);
#1101 = EDGE_CURVE('',#1094,#1102,#1104,.T.);
#1102 = VERTEX_POINT('',#1103);
#1103 = CARTESIAN_POINT('',(116.695,1.6,-7.9));
#1104 = LINE('',#1105,#1106);
#1105 = CARTESIAN_POINT('',(108.475,1.6,-7.9));
#1106 = VECTOR('',#1107,1.);
#1107 = DIRECTION('',(1.,4.440892098501E-16,-2.22044604925E-16));
#1108 = ORIENTED_EDGE('',*,*,#1109,.F.);
#1109 = EDGE_CURVE('',#1062,#1102,#1110,.T.);
#1110 = LINE('',#1111,#1112);
#1111 = CARTESIAN_POINT('',(115.66,1.6,-6.865));
#1112 = VECTOR('',#1113,1.);
#1113 = DIRECTION('',(-0.707106781187,-4.710277376051E-16,0.707106781187
    ));
#1114 = ORIENTED_EDGE('',*,*,#1061,.F.);
#1115 = PLANE('',#1116);
#1116 = AXIS2_PLACEMENT_3D('',#1117,#1118,#1119);
#1117 = CARTESIAN_POINT('',(108.475,1.6,-10.));
#1118 = DIRECTION('',(-4.440892098501E-16,1.,2.22044604925E-16));
#1119 = DIRECTION('',(1.,4.440892098501E-16,-2.044604925031E-18));
#1120 = ADVANCED_FACE('',(#1121),#1132,.F.);
#1121 = FACE_BOUND('',#1122,.F.);
#1122 = EDGE_LOOP('',(#1123,#1124,#1125,#1131));
#1123 = ORIENTED_EDGE('',*,*,#155,.F.);
#1124 = ORIENTED_EDGE('',*,*,#1046,.T.);
#1125 = ORIENTED_EDGE('',*,*,#1126,.T.);
#1126 = EDGE_CURVE('',#1039,#1086,#1127,.T.);
#1127 = LINE('',#1128,#1129);
#1128 = CARTESIAN_POINT('',(108.475,-1.6,-9.88));
#1129 = VECTOR('',#1130,1.);
#1130 = DIRECTION('',(-4.440892098501E-16,1.,2.22044604925E-16));
#1131 = ORIENTED_EDGE('',*,*,#1085,.F.);
#1132 = PLANE('',#1133);
#1133 = AXIS2_PLACEMENT_3D('',#1134,#1135,#1136);
#1134 = CARTESIAN_POINT('',(108.475,-1.6,-10.));
#1135 = DIRECTION('',(-1.,-4.440892098501E-16,2.044604925031E-18));
#1136 = DIRECTION('',(-4.440892098501E-16,1.,2.22044604925E-16));
#1137 = ADVANCED_FACE('',(#1138),#1179,.F.);
#1138 = FACE_BOUND('',#1139,.F.);
#1139 = EDGE_LOOP('',(#1140,#1141,#1149,#1157,#1165,#1173));
#1140 = ORIENTED_EDGE('',*,*,#179,.F.);
#1141 = ORIENTED_EDGE('',*,*,#1142,.T.);
#1142 = EDGE_CURVE('',#180,#1143,#1145,.T.);
#1143 = VERTEX_POINT('',#1144);
#1144 = CARTESIAN_POINT('',(98.025,-1.6,-9.88));
#1145 = LINE('',#1146,#1147);
#1146 = CARTESIAN_POINT('',(98.025,-1.6,-10.));
#1147 = VECTOR('',#1148,1.);
#1148 = DIRECTION('',(2.044604925031E-18,-2.22044604925E-16,1.));
#1149 = ORIENTED_EDGE('',*,*,#1150,.T.);
#1150 = EDGE_CURVE('',#1143,#1151,#1153,.T.);
#1151 = VERTEX_POINT('',#1152);
#1152 = CARTESIAN_POINT('',(96.045,-1.6,-7.9));
#1153 = LINE('',#1154,#1155);
#1154 = CARTESIAN_POINT('',(97.56,-1.6,-9.415));
#1155 = VECTOR('',#1156,1.);
#1156 = DIRECTION('',(-0.707106781187,-4.710277376051E-16,0.707106781187
    ));
#1157 = ORIENTED_EDGE('',*,*,#1158,.T.);
#1158 = EDGE_CURVE('',#1151,#1159,#1161,.T.);
#1159 = VERTEX_POINT('',#1160);
#1160 = CARTESIAN_POINT('',(89.805,-1.6,-7.9));
#1161 = LINE('',#1162,#1163);
#1162 = CARTESIAN_POINT('',(98.025,-1.6,-7.9));
#1163 = VECTOR('',#1164,1.);
#1164 = DIRECTION('',(-1.,-4.440892098501E-16,2.22044604925E-16));
#1165 = ORIENTED_EDGE('',*,*,#1166,.F.);
#1166 = EDGE_CURVE('',#1167,#1159,#1169,.T.);
#1167 = VERTEX_POINT('',#1168);
#1168 = CARTESIAN_POINT('',(87.825,-1.6,-9.88));
#1169 = LINE('',#1170,#1171);
#1170 = CARTESIAN_POINT('',(90.84,-1.6,-6.865));
#1171 = VECTOR('',#1172,1.);
#1172 = DIRECTION('',(0.707106781187,1.570092458684E-16,0.707106781187)
  );
#1173 = ORIENTED_EDGE('',*,*,#1174,.F.);
#1174 = EDGE_CURVE('',#182,#1167,#1175,.T.);
#1175 = LINE('',#1176,#1177);
#1176 = CARTESIAN_POINT('',(87.825,-1.6,-10.));
#1177 = VECTOR('',#1178,1.);
#1178 = DIRECTION('',(2.044604925031E-18,-2.22044604925E-16,1.));
#1179 = PLANE('',#1180);
#1180 = AXIS2_PLACEMENT_3D('',#1181,#1182,#1183);
#1181 = CARTESIAN_POINT('',(98.025,-1.6,-10.));
#1182 = DIRECTION('',(4.440892098501E-16,-1.,-2.22044604925E-16));
#1183 = DIRECTION('',(-1.,-4.440892098501E-16,2.044604925031E-18));
#1184 = ADVANCED_FACE('',(#1185),#1203,.F.);
#1185 = FACE_BOUND('',#1186,.F.);
#1186 = EDGE_LOOP('',(#1187,#1188,#1196,#1202));
#1187 = ORIENTED_EDGE('',*,*,#205,.F.);
#1188 = ORIENTED_EDGE('',*,*,#1189,.T.);
#1189 = EDGE_CURVE('',#198,#1190,#1192,.T.);
#1190 = VERTEX_POINT('',#1191);
#1191 = CARTESIAN_POINT('',(98.025,1.6,-9.88));
#1192 = LINE('',#1193,#1194);
#1193 = CARTESIAN_POINT('',(98.025,1.6,-10.));
#1194 = VECTOR('',#1195,1.);
#1195 = DIRECTION('',(2.044604925031E-18,-2.22044604925E-16,1.));
#1196 = ORIENTED_EDGE('',*,*,#1197,.T.);
#1197 = EDGE_CURVE('',#1190,#1143,#1198,.T.);
#1198 = LINE('',#1199,#1200);
#1199 = CARTESIAN_POINT('',(98.025,1.6,-9.88));
#1200 = VECTOR('',#1201,1.);
#1201 = DIRECTION('',(4.440892098501E-16,-1.,-2.22044604925E-16));
#1202 = ORIENTED_EDGE('',*,*,#1142,.F.);
#1203 = PLANE('',#1204);
#1204 = AXIS2_PLACEMENT_3D('',#1205,#1206,#1207);
#1205 = CARTESIAN_POINT('',(98.025,1.6,-10.));
#1206 = DIRECTION('',(1.,4.440892098501E-16,-2.044604925031E-18));
#1207 = DIRECTION('',(4.440892098501E-16,-1.,-2.22044604925E-16));
#1208 = ADVANCED_FACE('',(#1209),#1243,.F.);
#1209 = FACE_BOUND('',#1210,.F.);
#1210 = EDGE_LOOP('',(#1211,#1212,#1220,#1228,#1236,#1242));
#1211 = ORIENTED_EDGE('',*,*,#197,.F.);
#1212 = ORIENTED_EDGE('',*,*,#1213,.T.);
#1213 = EDGE_CURVE('',#190,#1214,#1216,.T.);
#1214 = VERTEX_POINT('',#1215);
#1215 = CARTESIAN_POINT('',(87.825,1.6,-9.88));
#1216 = LINE('',#1217,#1218);
#1217 = CARTESIAN_POINT('',(87.825,1.6,-10.));
#1218 = VECTOR('',#1219,1.);
#1219 = DIRECTION('',(2.044604925031E-18,-2.22044604925E-16,1.));
#1220 = ORIENTED_EDGE('',*,*,#1221,.T.);
#1221 = EDGE_CURVE('',#1214,#1222,#1224,.T.);
#1222 = VERTEX_POINT('',#1223);
#1223 = CARTESIAN_POINT('',(89.805,1.6,-7.9));
#1224 = LINE('',#1225,#1226);
#1225 = CARTESIAN_POINT('',(88.29,1.6,-9.415));
#1226 = VECTOR('',#1227,1.);
#1227 = DIRECTION('',(0.707106781187,1.570092458684E-16,0.707106781187)
  );
#1228 = ORIENTED_EDGE('',*,*,#1229,.T.);
#1229 = EDGE_CURVE('',#1222,#1230,#1232,.T.);
#1230 = VERTEX_POINT('',#1231);
#1231 = CARTESIAN_POINT('',(96.045,1.6,-7.9));
#1232 = LINE('',#1233,#1234);
#1233 = CARTESIAN_POINT('',(87.825,1.6,-7.9));
#1234 = VECTOR('',#1235,1.);
#1235 = DIRECTION('',(1.,4.440892098501E-16,-2.22044604925E-16));
#1236 = ORIENTED_EDGE('',*,*,#1237,.F.);
#1237 = EDGE_CURVE('',#1190,#1230,#1238,.T.);
#1238 = LINE('',#1239,#1240);
#1239 = CARTESIAN_POINT('',(95.01,1.6,-6.865));
#1240 = VECTOR('',#1241,1.);
#1241 = DIRECTION('',(-0.707106781187,-4.710277376051E-16,0.707106781187
    ));
#1242 = ORIENTED_EDGE('',*,*,#1189,.F.);
#1243 = PLANE('',#1244);
#1244 = AXIS2_PLACEMENT_3D('',#1245,#1246,#1247);
#1245 = CARTESIAN_POINT('',(87.825,1.6,-10.));
#1246 = DIRECTION('',(-4.440892098501E-16,1.,2.22044604925E-16));
#1247 = DIRECTION('',(1.,4.440892098501E-16,-2.044604925031E-18));
#1248 = ADVANCED_FACE('',(#1249),#1260,.F.);
#1249 = FACE_BOUND('',#1250,.F.);
#1250 = EDGE_LOOP('',(#1251,#1252,#1253,#1259));
#1251 = ORIENTED_EDGE('',*,*,#189,.F.);
#1252 = ORIENTED_EDGE('',*,*,#1174,.T.);
#1253 = ORIENTED_EDGE('',*,*,#1254,.T.);
#1254 = EDGE_CURVE('',#1167,#1214,#1255,.T.);
#1255 = LINE('',#1256,#1257);
#1256 = CARTESIAN_POINT('',(87.825,-1.6,-9.88));
#1257 = VECTOR('',#1258,1.);
#1258 = DIRECTION('',(-4.440892098501E-16,1.,2.22044604925E-16));
#1259 = ORIENTED_EDGE('',*,*,#1213,.F.);
#1260 = PLANE('',#1261);
#1261 = AXIS2_PLACEMENT_3D('',#1262,#1263,#1264);
#1262 = CARTESIAN_POINT('',(87.825,-1.6,-10.));
#1263 = DIRECTION('',(-1.,-4.440892098501E-16,2.044604925031E-18));
#1264 = DIRECTION('',(-4.440892098501E-16,1.,2.22044604925E-16));
#1265 = ADVANCED_FACE('',(#1266),#1307,.F.);
#1266 = FACE_BOUND('',#1267,.F.);
#1267 = EDGE_LOOP('',(#1268,#1269,#1277,#1285,#1293,#1301));
#1268 = ORIENTED_EDGE('',*,*,#213,.F.);
#1269 = ORIENTED_EDGE('',*,*,#1270,.T.);
#1270 = EDGE_CURVE('',#214,#1271,#1273,.T.);
#1271 = VERTEX_POINT('',#1272);
#1272 = CARTESIAN_POINT('',(56.725,-1.6,-9.88));
#1273 = LINE('',#1274,#1275);
#1274 = CARTESIAN_POINT('',(56.725,-1.6,-10.));
#1275 = VECTOR('',#1276,1.);
#1276 = DIRECTION('',(2.044604925031E-18,-2.22044604925E-16,1.));
#1277 = ORIENTED_EDGE('',*,*,#1278,.T.);
#1278 = EDGE_CURVE('',#1271,#1279,#1281,.T.);
#1279 = VERTEX_POINT('',#1280);
#1280 = CARTESIAN_POINT('',(54.745,-1.6,-7.9));
#1281 = LINE('',#1282,#1283);
#1282 = CARTESIAN_POINT('',(56.26,-1.6,-9.415));
#1283 = VECTOR('',#1284,1.);
#1284 = DIRECTION('',(-0.707106781187,-4.710277376051E-16,0.707106781187
    ));
#1285 = ORIENTED_EDGE('',*,*,#1286,.T.);
#1286 = EDGE_CURVE('',#1279,#1287,#1289,.T.);
#1287 = VERTEX_POINT('',#1288);
#1288 = CARTESIAN_POINT('',(48.505,-1.6,-7.9));
#1289 = LINE('',#1290,#1291);
#1290 = CARTESIAN_POINT('',(56.725,-1.6,-7.9));
#1291 = VECTOR('',#1292,1.);
#1292 = DIRECTION('',(-1.,-4.440892098501E-16,2.22044604925E-16));
#1293 = ORIENTED_EDGE('',*,*,#1294,.F.);
#1294 = EDGE_CURVE('',#1295,#1287,#1297,.T.);
#1295 = VERTEX_POINT('',#1296);
#1296 = CARTESIAN_POINT('',(46.525,-1.6,-9.88));
#1297 = LINE('',#1298,#1299);
#1298 = CARTESIAN_POINT('',(49.54,-1.6,-6.865));
#1299 = VECTOR('',#1300,1.);
#1300 = DIRECTION('',(0.707106781187,1.570092458684E-16,0.707106781187)
  );
#1301 = ORIENTED_EDGE('',*,*,#1302,.F.);
#1302 = EDGE_CURVE('',#216,#1295,#1303,.T.);
#1303 = LINE('',#1304,#1305);
#1304 = CARTESIAN_POINT('',(46.525,-1.6,-10.));
#1305 = VECTOR('',#1306,1.);
#1306 = DIRECTION('',(2.044604925031E-18,-2.22044604925E-16,1.));
#1307 = PLANE('',#1308);
#1308 = AXIS2_PLACEMENT_3D('',#1309,#1310,#1311);
#1309 = CARTESIAN_POINT('',(56.725,-1.6,-10.));
#1310 = DIRECTION('',(4.440892098501E-16,-1.,-2.22044604925E-16));
#1311 = DIRECTION('',(-1.,-4.440892098501E-16,2.044604925031E-18));
#1312 = ADVANCED_FACE('',(#1313),#1331,.F.);
#1313 = FACE_BOUND('',#1314,.F.);
#1314 = EDGE_LOOP('',(#1315,#1316,#1324,#1330));
#1315 = ORIENTED_EDGE('',*,*,#239,.F.);
#1316 = ORIENTED_EDGE('',*,*,#1317,.T.);
#1317 = EDGE_CURVE('',#232,#1318,#1320,.T.);
#1318 = VERTEX_POINT('',#1319);
#1319 = CARTESIAN_POINT('',(56.725,1.6,-9.88));
#1320 = LINE('',#1321,#1322);
#1321 = CARTESIAN_POINT('',(56.725,1.6,-10.));
#1322 = VECTOR('',#1323,1.);
#1323 = DIRECTION('',(2.044604925031E-18,-2.22044604925E-16,1.));
#1324 = ORIENTED_EDGE('',*,*,#1325,.T.);
#1325 = EDGE_CURVE('',#1318,#1271,#1326,.T.);
#1326 = LINE('',#1327,#1328);
#1327 = CARTESIAN_POINT('',(56.725,1.6,-9.88));
#1328 = VECTOR('',#1329,1.);
#1329 = DIRECTION('',(4.440892098501E-16,-1.,-2.22044604925E-16));
#1330 = ORIENTED_EDGE('',*,*,#1270,.F.);
#1331 = PLANE('',#1332);
#1332 = AXIS2_PLACEMENT_3D('',#1333,#1334,#1335);
#1333 = CARTESIAN_POINT('',(56.725,1.6,-10.));
#1334 = DIRECTION('',(1.,4.440892098501E-16,-2.044604925031E-18));
#1335 = DIRECTION('',(4.440892098501E-16,-1.,-2.22044604925E-16));
#1336 = ADVANCED_FACE('',(#1337),#1371,.F.);
#1337 = FACE_BOUND('',#1338,.F.);
#1338 = EDGE_LOOP('',(#1339,#1340,#1348,#1356,#1364,#1370));
#1339 = ORIENTED_EDGE('',*,*,#231,.F.);
#1340 = ORIENTED_EDGE('',*,*,#1341,.T.);
#1341 = EDGE_CURVE('',#224,#1342,#1344,.T.);
#1342 = VERTEX_POINT('',#1343);
#1343 = CARTESIAN_POINT('',(46.525,1.6,-9.88));
#1344 = LINE('',#1345,#1346);
#1345 = CARTESIAN_POINT('',(46.525,1.6,-10.));
#1346 = VECTOR('',#1347,1.);
#1347 = DIRECTION('',(2.044604925031E-18,-2.22044604925E-16,1.));
#1348 = ORIENTED_EDGE('',*,*,#1349,.T.);
#1349 = EDGE_CURVE('',#1342,#1350,#1352,.T.);
#1350 = VERTEX_POINT('',#1351);
#1351 = CARTESIAN_POINT('',(48.505,1.6,-7.9));
#1352 = LINE('',#1353,#1354);
#1353 = CARTESIAN_POINT('',(46.99,1.6,-9.415));
#1354 = VECTOR('',#1355,1.);
#1355 = DIRECTION('',(0.707106781187,1.570092458684E-16,0.707106781187)
  );
#1356 = ORIENTED_EDGE('',*,*,#1357,.T.);
#1357 = EDGE_CURVE('',#1350,#1358,#1360,.T.);
#1358 = VERTEX_POINT('',#1359);
#1359 = CARTESIAN_POINT('',(54.745,1.6,-7.9));
#1360 = LINE('',#1361,#1362);
#1361 = CARTESIAN_POINT('',(46.525,1.6,-7.9));
#1362 = VECTOR('',#1363,1.);
#1363 = DIRECTION('',(1.,4.440892098501E-16,-2.22044604925E-16));
#1364 = ORIENTED_EDGE('',*,*,#1365,.F.);
#1365 = EDGE_CURVE('',#1318,#1358,#1366,.T.);
#1366 = LINE('',#1367,#1368);
#1367 = CARTESIAN_POINT('',(53.71,1.6,-6.865));
#1368 = VECTOR('',#1369,1.);
#1369 = DIRECTION('',(-0.707106781187,-4.710277376051E-16,0.707106781187
    ));
#1370 = ORIENTED_EDGE('',*,*,#1317,.F.);
#1371 = PLANE('',#1372);
#1372 = AXIS2_PLACEMENT_3D('',#1373,#1374,#1375);
#1373 = CARTESIAN_POINT('',(46.525,1.6,-10.));
#1374 = DIRECTION('',(-4.440892098501E-16,1.,2.22044604925E-16));
#1375 = DIRECTION('',(1.,4.440892098501E-16,-2.044604925031E-18));
#1376 = ADVANCED_FACE('',(#1377),#1388,.F.);
#1377 = FACE_BOUND('',#1378,.F.);
#1378 = EDGE_LOOP('',(#1379,#1380,#1381,#1387));
#1379 = ORIENTED_EDGE('',*,*,#223,.F.);
#1380 = ORIENTED_EDGE('',*,*,#1302,.T.);
#1381 = ORIENTED_EDGE('',*,*,#1382,.T.);
#1382 = EDGE_CURVE('',#1295,#1342,#1383,.T.);
#1383 = LINE('',#1384,#1385);
#1384 = CARTESIAN_POINT('',(46.525,-1.6,-9.88));
#1385 = VECTOR('',#1386,1.);
#1386 = DIRECTION('',(-4.440892098501E-16,1.,2.22044604925E-16));
#1387 = ORIENTED_EDGE('',*,*,#1341,.F.);
#1388 = PLANE('',#1389);
#1389 = AXIS2_PLACEMENT_3D('',#1390,#1391,#1392);
#1390 = CARTESIAN_POINT('',(46.525,-1.6,-10.));
#1391 = DIRECTION('',(-1.,-4.440892098501E-16,2.044604925031E-18));
#1392 = DIRECTION('',(-4.440892098501E-16,1.,2.22044604925E-16));
#1393 = ADVANCED_FACE('',(#1394),#1435,.F.);
#1394 = FACE_BOUND('',#1395,.F.);
#1395 = EDGE_LOOP('',(#1396,#1397,#1405,#1413,#1421,#1429));
#1396 = ORIENTED_EDGE('',*,*,#247,.F.);
#1397 = ORIENTED_EDGE('',*,*,#1398,.T.);
#1398 = EDGE_CURVE('',#248,#1399,#1401,.T.);
#1399 = VERTEX_POINT('',#1400);
#1400 = CARTESIAN_POINT('',(36.075,-1.6,-9.88));
#1401 = LINE('',#1402,#1403);
#1402 = CARTESIAN_POINT('',(36.075,-1.6,-10.));
#1403 = VECTOR('',#1404,1.);
#1404 = DIRECTION('',(2.044604925031E-18,-2.22044604925E-16,1.));
#1405 = ORIENTED_EDGE('',*,*,#1406,.T.);
#1406 = EDGE_CURVE('',#1399,#1407,#1409,.T.);
#1407 = VERTEX_POINT('',#1408);
#1408 = CARTESIAN_POINT('',(34.095,-1.6,-7.9));
#1409 = LINE('',#1410,#1411);
#1410 = CARTESIAN_POINT('',(35.61,-1.6,-9.415));
#1411 = VECTOR('',#1412,1.);
#1412 = DIRECTION('',(-0.707106781187,-4.710277376051E-16,0.707106781187
    ));
#1413 = ORIENTED_EDGE('',*,*,#1414,.T.);
#1414 = EDGE_CURVE('',#1407,#1415,#1417,.T.);
#1415 = VERTEX_POINT('',#1416);
#1416 = CARTESIAN_POINT('',(27.855,-1.6,-7.9));
#1417 = LINE('',#1418,#1419);
#1418 = CARTESIAN_POINT('',(36.075,-1.6,-7.9));
#1419 = VECTOR('',#1420,1.);
#1420 = DIRECTION('',(-1.,-4.440892098501E-16,2.22044604925E-16));
#1421 = ORIENTED_EDGE('',*,*,#1422,.F.);
#1422 = EDGE_CURVE('',#1423,#1415,#1425,.T.);
#1423 = VERTEX_POINT('',#1424);
#1424 = CARTESIAN_POINT('',(25.875,-1.6,-9.88));
#1425 = LINE('',#1426,#1427);
#1426 = CARTESIAN_POINT('',(28.89,-1.6,-6.865));
#1427 = VECTOR('',#1428,1.);
#1428 = DIRECTION('',(0.707106781187,1.570092458684E-16,0.707106781187)
  );
#1429 = ORIENTED_EDGE('',*,*,#1430,.F.);
#1430 = EDGE_CURVE('',#250,#1423,#1431,.T.);
#1431 = LINE('',#1432,#1433);
#1432 = CARTESIAN_POINT('',(25.875,-1.6,-10.));
#1433 = VECTOR('',#1434,1.);
#1434 = DIRECTION('',(2.044604925031E-18,-2.22044604925E-16,1.));
#1435 = PLANE('',#1436);
#1436 = AXIS2_PLACEMENT_3D('',#1437,#1438,#1439);
#1437 = CARTESIAN_POINT('',(36.075,-1.6,-10.));
#1438 = DIRECTION('',(4.440892098501E-16,-1.,-2.22044604925E-16));
#1439 = DIRECTION('',(-1.,-4.440892098501E-16,2.044604925031E-18));
#1440 = ADVANCED_FACE('',(#1441),#1459,.F.);
#1441 = FACE_BOUND('',#1442,.F.);
#1442 = EDGE_LOOP('',(#1443,#1444,#1452,#1458));
#1443 = ORIENTED_EDGE('',*,*,#273,.F.);
#1444 = ORIENTED_EDGE('',*,*,#1445,.T.);
#1445 = EDGE_CURVE('',#266,#1446,#1448,.T.);
#1446 = VERTEX_POINT('',#1447);
#1447 = CARTESIAN_POINT('',(36.075,1.6,-9.88));
#1448 = LINE('',#1449,#1450);
#1449 = CARTESIAN_POINT('',(36.075,1.6,-10.));
#1450 = VECTOR('',#1451,1.);
#1451 = DIRECTION('',(2.044604925031E-18,-2.22044604925E-16,1.));
#1452 = ORIENTED_EDGE('',*,*,#1453,.T.);
#1453 = EDGE_CURVE('',#1446,#1399,#1454,.T.);
#1454 = LINE('',#1455,#1456);
#1455 = CARTESIAN_POINT('',(36.075,1.6,-9.88));
#1456 = VECTOR('',#1457,1.);
#1457 = DIRECTION('',(4.440892098501E-16,-1.,-2.22044604925E-16));
#1458 = ORIENTED_EDGE('',*,*,#1398,.F.);
#1459 = PLANE('',#1460);
#1460 = AXIS2_PLACEMENT_3D('',#1461,#1462,#1463);
#1461 = CARTESIAN_POINT('',(36.075,1.6,-10.));
#1462 = DIRECTION('',(1.,4.440892098501E-16,-2.044604925031E-18));
#1463 = DIRECTION('',(4.440892098501E-16,-1.,-2.22044604925E-16));
#1464 = ADVANCED_FACE('',(#1465),#1499,.F.);
#1465 = FACE_BOUND('',#1466,.F.);
#1466 = EDGE_LOOP('',(#1467,#1468,#1476,#1484,#1492,#1498));
#1467 = ORIENTED_EDGE('',*,*,#265,.F.);
#1468 = ORIENTED_EDGE('',*,*,#1469,.T.);
#1469 = EDGE_CURVE('',#258,#1470,#1472,.T.);
#1470 = VERTEX_POINT('',#1471);
#1471 = CARTESIAN_POINT('',(25.875,1.6,-9.88));
#1472 = LINE('',#1473,#1474);
#1473 = CARTESIAN_POINT('',(25.875,1.6,-10.));
#1474 = VECTOR('',#1475,1.);
#1475 = DIRECTION('',(2.044604925031E-18,-2.22044604925E-16,1.));
#1476 = ORIENTED_EDGE('',*,*,#1477,.T.);
#1477 = EDGE_CURVE('',#1470,#1478,#1480,.T.);
#1478 = VERTEX_POINT('',#1479);
#1479 = CARTESIAN_POINT('',(27.855,1.6,-7.9));
#1480 = LINE('',#1481,#1482);
#1481 = CARTESIAN_POINT('',(26.34,1.6,-9.415));
#1482 = VECTOR('',#1483,1.);
#1483 = DIRECTION('',(0.707106781187,1.570092458684E-16,0.707106781187)
  );
#1484 = ORIENTED_EDGE('',*,*,#1485,.T.);
#1485 = EDGE_CURVE('',#1478,#1486,#1488,.T.);
#1486 = VERTEX_POINT('',#1487);
#1487 = CARTESIAN_POINT('',(34.095,1.6,-7.9));
#1488 = LINE('',#1489,#1490);
#1489 = CARTESIAN_POINT('',(25.875,1.6,-7.9));
#1490 = VECTOR('',#1491,1.);
#1491 = DIRECTION('',(1.,4.440892098501E-16,-2.22044604925E-16));
#1492 = ORIENTED_EDGE('',*,*,#1493,.F.);
#1493 = EDGE_CURVE('',#1446,#1486,#1494,.T.);
#1494 = LINE('',#1495,#1496);
#1495 = CARTESIAN_POINT('',(33.06,1.6,-6.865));
#1496 = VECTOR('',#1497,1.);
#1497 = DIRECTION('',(-0.707106781187,-4.710277376051E-16,0.707106781187
    ));
#1498 = ORIENTED_EDGE('',*,*,#1445,.F.);
#1499 = PLANE('',#1500);
#1500 = AXIS2_PLACEMENT_3D('',#1501,#1502,#1503);
#1501 = CARTESIAN_POINT('',(25.875,1.6,-10.));
#1502 = DIRECTION('',(-4.440892098501E-16,1.,2.22044604925E-16));
#1503 = DIRECTION('',(1.,4.440892098501E-16,-2.044604925031E-18));
#1504 = ADVANCED_FACE('',(#1505),#1516,.F.);
#1505 = FACE_BOUND('',#1506,.F.);
#1506 = EDGE_LOOP('',(#1507,#1508,#1509,#1515));
#1507 = ORIENTED_EDGE('',*,*,#257,.F.);
#1508 = ORIENTED_EDGE('',*,*,#1430,.T.);
#1509 = ORIENTED_EDGE('',*,*,#1510,.T.);
#1510 = EDGE_CURVE('',#1423,#1470,#1511,.T.);
#1511 = LINE('',#1512,#1513);
#1512 = CARTESIAN_POINT('',(25.875,-1.6,-9.88));
#1513 = VECTOR('',#1514,1.);
#1514 = DIRECTION('',(-4.440892098501E-16,1.,2.22044604925E-16));
#1515 = ORIENTED_EDGE('',*,*,#1469,.F.);
#1516 = PLANE('',#1517);
#1517 = AXIS2_PLACEMENT_3D('',#1518,#1519,#1520);
#1518 = CARTESIAN_POINT('',(25.875,-1.6,-10.));
#1519 = DIRECTION('',(-1.,-4.440892098501E-16,2.044604925031E-18));
#1520 = DIRECTION('',(-4.440892098501E-16,1.,2.22044604925E-16));
#1521 = ADVANCED_FACE('',(#1522),#1563,.F.);
#1522 = FACE_BOUND('',#1523,.F.);
#1523 = EDGE_LOOP('',(#1524,#1532,#1540,#1548,#1556,#1562));
#1524 = ORIENTED_EDGE('',*,*,#1525,.T.);
#1525 = EDGE_CURVE('',#282,#1526,#1528,.T.);
#1526 = VERTEX_POINT('',#1527);
#1527 = CARTESIAN_POINT('',(15.425,-1.6,-9.88));
#1528 = LINE('',#1529,#1530);
#1529 = CARTESIAN_POINT('',(15.425,-1.6,-10.));
#1530 = VECTOR('',#1531,1.);
#1531 = DIRECTION('',(2.044604925031E-18,-2.22044604925E-16,1.));
#1532 = ORIENTED_EDGE('',*,*,#1533,.T.);
#1533 = EDGE_CURVE('',#1526,#1534,#1536,.T.);
#1534 = VERTEX_POINT('',#1535);
#1535 = CARTESIAN_POINT('',(13.445,-1.6,-7.9));
#1536 = LINE('',#1537,#1538);
#1537 = CARTESIAN_POINT('',(14.96,-1.6,-9.415));
#1538 = VECTOR('',#1539,1.);
#1539 = DIRECTION('',(-0.707106781187,-4.710277376051E-16,0.707106781187
    ));
#1540 = ORIENTED_EDGE('',*,*,#1541,.T.);
#1541 = EDGE_CURVE('',#1534,#1542,#1544,.T.);
#1542 = VERTEX_POINT('',#1543);
#1543 = CARTESIAN_POINT('',(7.205,-1.6,-7.9));
#1544 = LINE('',#1545,#1546);
#1545 = CARTESIAN_POINT('',(15.425,-1.6,-7.9));
#1546 = VECTOR('',#1547,1.);
#1547 = DIRECTION('',(-1.,-4.440892098501E-16,2.22044604925E-16));
#1548 = ORIENTED_EDGE('',*,*,#1549,.F.);
#1549 = EDGE_CURVE('',#1550,#1542,#1552,.T.);
#1550 = VERTEX_POINT('',#1551);
#1551 = CARTESIAN_POINT('',(5.225,-1.6,-9.88));
#1552 = LINE('',#1553,#1554);
#1553 = CARTESIAN_POINT('',(8.24,-1.6,-6.865));
#1554 = VECTOR('',#1555,1.);
#1555 = DIRECTION('',(0.707106781187,1.570092458684E-16,0.707106781187)
  );
#1556 = ORIENTED_EDGE('',*,*,#1557,.F.);
#1557 = EDGE_CURVE('',#284,#1550,#1558,.T.);
#1558 = LINE('',#1559,#1560);
#1559 = CARTESIAN_POINT('',(5.225,-1.6,-10.));
#1560 = VECTOR('',#1561,1.);
#1561 = DIRECTION('',(2.044604925031E-18,-2.22044604925E-16,1.));
#1562 = ORIENTED_EDGE('',*,*,#281,.F.);
#1563 = PLANE('',#1564);
#1564 = AXIS2_PLACEMENT_3D('',#1565,#1566,#1567);
#1565 = CARTESIAN_POINT('',(15.425,-1.6,-10.));
#1566 = DIRECTION('',(4.440892098501E-16,-1.,-2.22044604925E-16));
#1567 = DIRECTION('',(-1.,-4.440892098501E-16,2.044604925031E-18));
#1568 = ADVANCED_FACE('',(#1569),#1587,.F.);
#1569 = FACE_BOUND('',#1570,.F.);
#1570 = EDGE_LOOP('',(#1571,#1579,#1585,#1586));
#1571 = ORIENTED_EDGE('',*,*,#1572,.T.);
#1572 = EDGE_CURVE('',#300,#1573,#1575,.T.);
#1573 = VERTEX_POINT('',#1574);
#1574 = CARTESIAN_POINT('',(15.425,1.6,-9.88));
#1575 = LINE('',#1576,#1577);
#1576 = CARTESIAN_POINT('',(15.425,1.6,-10.));
#1577 = VECTOR('',#1578,1.);
#1578 = DIRECTION('',(2.044604925031E-18,-2.22044604925E-16,1.));
#1579 = ORIENTED_EDGE('',*,*,#1580,.T.);
#1580 = EDGE_CURVE('',#1573,#1526,#1581,.T.);
#1581 = LINE('',#1582,#1583);
#1582 = CARTESIAN_POINT('',(15.425,1.6,-9.88));
#1583 = VECTOR('',#1584,1.);
#1584 = DIRECTION('',(4.440892098501E-16,-1.,-2.22044604925E-16));
#1585 = ORIENTED_EDGE('',*,*,#1525,.F.);
#1586 = ORIENTED_EDGE('',*,*,#307,.F.);
#1587 = PLANE('',#1588);
#1588 = AXIS2_PLACEMENT_3D('',#1589,#1590,#1591);
#1589 = CARTESIAN_POINT('',(15.425,1.6,-10.));
#1590 = DIRECTION('',(1.,4.440892098501E-16,-2.044604925031E-18));
#1591 = DIRECTION('',(4.440892098501E-16,-1.,-2.22044604925E-16));
#1592 = ADVANCED_FACE('',(#1593),#1611,.F.);
#1593 = FACE_BOUND('',#1594,.F.);
#1594 = EDGE_LOOP('',(#1595,#1596,#1604,#1610));
#1595 = ORIENTED_EDGE('',*,*,#1557,.T.);
#1596 = ORIENTED_EDGE('',*,*,#1597,.T.);
#1597 = EDGE_CURVE('',#1550,#1598,#1600,.T.);
#1598 = VERTEX_POINT('',#1599);
#1599 = CARTESIAN_POINT('',(5.225,1.6,-9.88));
#1600 = LINE('',#1601,#1602);
#1601 = CARTESIAN_POINT('',(5.225,-1.6,-9.88));
#1602 = VECTOR('',#1603,1.);
#1603 = DIRECTION('',(-4.440892098501E-16,1.,2.22044604925E-16));
#1604 = ORIENTED_EDGE('',*,*,#1605,.F.);
#1605 = EDGE_CURVE('',#292,#1598,#1606,.T.);
#1606 = LINE('',#1607,#1608);
#1607 = CARTESIAN_POINT('',(5.225,1.6,-10.));
#1608 = VECTOR('',#1609,1.);
#1609 = DIRECTION('',(2.044604925031E-18,-2.22044604925E-16,1.));
#1610 = ORIENTED_EDGE('',*,*,#291,.F.);
#1611 = PLANE('',#1612);
#1612 = AXIS2_PLACEMENT_3D('',#1613,#1614,#1615);
#1613 = CARTESIAN_POINT('',(5.225,-1.6,-10.));
#1614 = DIRECTION('',(-1.,-4.440892098501E-16,2.044604925031E-18));
#1615 = DIRECTION('',(-4.440892098501E-16,1.,2.22044604925E-16));
#1616 = ADVANCED_FACE('',(#1617),#1644,.F.);
#1617 = FACE_BOUND('',#1618,.F.);
#1618 = EDGE_LOOP('',(#1619,#1620,#1628,#1636,#1642,#1643));
#1619 = ORIENTED_EDGE('',*,*,#1605,.T.);
#1620 = ORIENTED_EDGE('',*,*,#1621,.T.);
#1621 = EDGE_CURVE('',#1598,#1622,#1624,.T.);
#1622 = VERTEX_POINT('',#1623);
#1623 = CARTESIAN_POINT('',(7.205,1.6,-7.9));
#1624 = LINE('',#1625,#1626);
#1625 = CARTESIAN_POINT('',(5.69,1.6,-9.415));
#1626 = VECTOR('',#1627,1.);
#1627 = DIRECTION('',(0.707106781187,1.570092458684E-16,0.707106781187)
  );
#1628 = ORIENTED_EDGE('',*,*,#1629,.T.);
#1629 = EDGE_CURVE('',#1622,#1630,#1632,.T.);
#1630 = VERTEX_POINT('',#1631);
#1631 = CARTESIAN_POINT('',(13.445,1.6,-7.9));
#1632 = LINE('',#1633,#1634);
#1633 = CARTESIAN_POINT('',(5.225,1.6,-7.9));
#1634 = VECTOR('',#1635,1.);
#1635 = DIRECTION('',(1.,4.440892098501E-16,-2.22044604925E-16));
#1636 = ORIENTED_EDGE('',*,*,#1637,.F.);
#1637 = EDGE_CURVE('',#1573,#1630,#1638,.T.);
#1638 = LINE('',#1639,#1640);
#1639 = CARTESIAN_POINT('',(12.41,1.6,-6.865));
#1640 = VECTOR('',#1641,1.);
#1641 = DIRECTION('',(-0.707106781187,-4.710277376051E-16,0.707106781187
    ));
#1642 = ORIENTED_EDGE('',*,*,#1572,.F.);
#1643 = ORIENTED_EDGE('',*,*,#299,.F.);
#1644 = PLANE('',#1645);
#1645 = AXIS2_PLACEMENT_3D('',#1646,#1647,#1648);
#1646 = CARTESIAN_POINT('',(5.225,1.6,-10.));
#1647 = DIRECTION('',(-4.440892098501E-16,1.,2.22044604925E-16));
#1648 = DIRECTION('',(1.,4.440892098501E-16,-2.044604925031E-18));
#1649 = ADVANCED_FACE('',(#1650),#1691,.F.);
#1650 = FACE_BOUND('',#1651,.F.);
#1651 = EDGE_LOOP('',(#1652,#1653,#1661,#1669,#1677,#1685));
#1652 = ORIENTED_EDGE('',*,*,#315,.F.);
#1653 = ORIENTED_EDGE('',*,*,#1654,.T.);
#1654 = EDGE_CURVE('',#316,#1655,#1657,.T.);
#1655 = VERTEX_POINT('',#1656);
#1656 = CARTESIAN_POINT('',(77.375,-1.6,-9.88));
#1657 = LINE('',#1658,#1659);
#1658 = CARTESIAN_POINT('',(77.375,-1.6,-10.));
#1659 = VECTOR('',#1660,1.);
#1660 = DIRECTION('',(2.044604925031E-18,-2.22044604925E-16,1.));
#1661 = ORIENTED_EDGE('',*,*,#1662,.T.);
#1662 = EDGE_CURVE('',#1655,#1663,#1665,.T.);
#1663 = VERTEX_POINT('',#1664);
#1664 = CARTESIAN_POINT('',(75.395,-1.6,-7.9));
#1665 = LINE('',#1666,#1667);
#1666 = CARTESIAN_POINT('',(76.91,-1.6,-9.415));
#1667 = VECTOR('',#1668,1.);
#1668 = DIRECTION('',(-0.707106781187,-4.710277376051E-16,0.707106781187
    ));
#1669 = ORIENTED_EDGE('',*,*,#1670,.T.);
#1670 = EDGE_CURVE('',#1663,#1671,#1673,.T.);
#1671 = VERTEX_POINT('',#1672);
#1672 = CARTESIAN_POINT('',(69.155,-1.6,-7.9));
#1673 = LINE('',#1674,#1675);
#1674 = CARTESIAN_POINT('',(77.375,-1.6,-7.9));
#1675 = VECTOR('',#1676,1.);
#1676 = DIRECTION('',(-1.,-4.440892098501E-16,2.22044604925E-16));
#1677 = ORIENTED_EDGE('',*,*,#1678,.F.);
#1678 = EDGE_CURVE('',#1679,#1671,#1681,.T.);
#1679 = VERTEX_POINT('',#1680);
#1680 = CARTESIAN_POINT('',(67.175,-1.6,-9.88));
#1681 = LINE('',#1682,#1683);
#1682 = CARTESIAN_POINT('',(70.19,-1.6,-6.865));
#1683 = VECTOR('',#1684,1.);
#1684 = DIRECTION('',(0.707106781187,1.570092458684E-16,0.707106781187)
  );
#1685 = ORIENTED_EDGE('',*,*,#1686,.F.);
#1686 = EDGE_CURVE('',#318,#1679,#1687,.T.);
#1687 = LINE('',#1688,#1689);
#1688 = CARTESIAN_POINT('',(67.175,-1.6,-10.));
#1689 = VECTOR('',#1690,1.);
#1690 = DIRECTION('',(2.044604925031E-18,-2.22044604925E-16,1.));
#1691 = PLANE('',#1692);
#1692 = AXIS2_PLACEMENT_3D('',#1693,#1694,#1695);
#1693 = CARTESIAN_POINT('',(77.375,-1.6,-10.));
#1694 = DIRECTION('',(4.440892098501E-16,-1.,-2.22044604925E-16));
#1695 = DIRECTION('',(-1.,-4.440892098501E-16,2.044604925031E-18));
#1696 = ADVANCED_FACE('',(#1697),#1715,.F.);
#1697 = FACE_BOUND('',#1698,.F.);
#1698 = EDGE_LOOP('',(#1699,#1700,#1708,#1714));
#1699 = ORIENTED_EDGE('',*,*,#341,.F.);
#1700 = ORIENTED_EDGE('',*,*,#1701,.T.);
#1701 = EDGE_CURVE('',#334,#1702,#1704,.T.);
#1702 = VERTEX_POINT('',#1703);
#1703 = CARTESIAN_POINT('',(77.375,1.6,-9.88));
#1704 = LINE('',#1705,#1706);
#1705 = CARTESIAN_POINT('',(77.375,1.6,-10.));
#1706 = VECTOR('',#1707,1.);
#1707 = DIRECTION('',(2.044604925031E-18,-2.22044604925E-16,1.));
#1708 = ORIENTED_EDGE('',*,*,#1709,.T.);
#1709 = EDGE_CURVE('',#1702,#1655,#1710,.T.);
#1710 = LINE('',#1711,#1712);
#1711 = CARTESIAN_POINT('',(77.375,1.6,-9.88));
#1712 = VECTOR('',#1713,1.);
#1713 = DIRECTION('',(4.440892098501E-16,-1.,-2.22044604925E-16));
#1714 = ORIENTED_EDGE('',*,*,#1654,.F.);
#1715 = PLANE('',#1716);
#1716 = AXIS2_PLACEMENT_3D('',#1717,#1718,#1719);
#1717 = CARTESIAN_POINT('',(77.375,1.6,-10.));
#1718 = DIRECTION('',(1.,4.440892098501E-16,-2.044604925031E-18));
#1719 = DIRECTION('',(4.440892098501E-16,-1.,-2.22044604925E-16));
#1720 = ADVANCED_FACE('',(#1721),#1755,.F.);
#1721 = FACE_BOUND('',#1722,.F.);
#1722 = EDGE_LOOP('',(#1723,#1724,#1732,#1740,#1748,#1754));
#1723 = ORIENTED_EDGE('',*,*,#333,.F.);
#1724 = ORIENTED_EDGE('',*,*,#1725,.T.);
#1725 = EDGE_CURVE('',#326,#1726,#1728,.T.);
#1726 = VERTEX_POINT('',#1727);
#1727 = CARTESIAN_POINT('',(67.175,1.6,-9.88));
#1728 = LINE('',#1729,#1730);
#1729 = CARTESIAN_POINT('',(67.175,1.6,-10.));
#1730 = VECTOR('',#1731,1.);
#1731 = DIRECTION('',(2.044604925031E-18,-2.22044604925E-16,1.));
#1732 = ORIENTED_EDGE('',*,*,#1733,.T.);
#1733 = EDGE_CURVE('',#1726,#1734,#1736,.T.);
#1734 = VERTEX_POINT('',#1735);
#1735 = CARTESIAN_POINT('',(69.155,1.6,-7.9));
#1736 = LINE('',#1737,#1738);
#1737 = CARTESIAN_POINT('',(67.64,1.6,-9.415));
#1738 = VECTOR('',#1739,1.);
#1739 = DIRECTION('',(0.707106781187,1.570092458684E-16,0.707106781187)
  );
#1740 = ORIENTED_EDGE('',*,*,#1741,.T.);
#1741 = EDGE_CURVE('',#1734,#1742,#1744,.T.);
#1742 = VERTEX_POINT('',#1743);
#1743 = CARTESIAN_POINT('',(75.395,1.6,-7.9));
#1744 = LINE('',#1745,#1746);
#1745 = CARTESIAN_POINT('',(67.175,1.6,-7.9));
#1746 = VECTOR('',#1747,1.);
#1747 = DIRECTION('',(1.,4.440892098501E-16,-2.22044604925E-16));
#1748 = ORIENTED_EDGE('',*,*,#1749,.F.);
#1749 = EDGE_CURVE('',#1702,#1742,#1750,.T.);
#1750 = LINE('',#1751,#1752);
#1751 = CARTESIAN_POINT('',(74.36,1.6,-6.865));
#1752 = VECTOR('',#1753,1.);
#1753 = DIRECTION('',(-0.707106781187,-4.710277376051E-16,0.707106781187
    ));
#1754 = ORIENTED_EDGE('',*,*,#1701,.F.);
#1755 = PLANE('',#1756);
#1756 = AXIS2_PLACEMENT_3D('',#1757,#1758,#1759);
#1757 = CARTESIAN_POINT('',(67.175,1.6,-10.));
#1758 = DIRECTION('',(-4.440892098501E-16,1.,2.22044604925E-16));
#1759 = DIRECTION('',(1.,4.440892098501E-16,-2.044604925031E-18));
#1760 = ADVANCED_FACE('',(#1761),#1772,.F.);
#1761 = FACE_BOUND('',#1762,.F.);
#1762 = EDGE_LOOP('',(#1763,#1764,#1765,#1771));
#1763 = ORIENTED_EDGE('',*,*,#325,.F.);
#1764 = ORIENTED_EDGE('',*,*,#1686,.T.);
#1765 = ORIENTED_EDGE('',*,*,#1766,.T.);
#1766 = EDGE_CURVE('',#1679,#1726,#1767,.T.);
#1767 = LINE('',#1768,#1769);
#1768 = CARTESIAN_POINT('',(67.175,-1.6,-9.88));
#1769 = VECTOR('',#1770,1.);
#1770 = DIRECTION('',(-4.440892098501E-16,1.,2.22044604925E-16));
#1771 = ORIENTED_EDGE('',*,*,#1725,.F.);
#1772 = PLANE('',#1773);
#1773 = AXIS2_PLACEMENT_3D('',#1774,#1775,#1776);
#1774 = CARTESIAN_POINT('',(67.175,-1.6,-10.));
#1775 = DIRECTION('',(-1.,-4.440892098501E-16,2.044604925031E-18));
#1776 = DIRECTION('',(-4.440892098501E-16,1.,2.22044604925E-16));
#1777 = ADVANCED_FACE('',(#1778),#1789,.F.);
#1778 = FACE_BOUND('',#1779,.T.);
#1779 = EDGE_LOOP('',(#1780,#1781,#1782,#1783));
#1780 = ORIENTED_EDGE('',*,*,#782,.F.);
#1781 = ORIENTED_EDGE('',*,*,#870,.T.);
#1782 = ORIENTED_EDGE('',*,*,#837,.T.);
#1783 = ORIENTED_EDGE('',*,*,#1784,.F.);
#1784 = EDGE_CURVE('',#775,#838,#1785,.T.);
#1785 = LINE('',#1786,#1787);
#1786 = CARTESIAN_POINT('',(151.755,-1.6,-7.9));
#1787 = VECTOR('',#1788,1.);
#1788 = DIRECTION('',(-4.440892098501E-16,1.,2.22044604925E-16));
#1789 = PLANE('',#1790);
#1790 = AXIS2_PLACEMENT_3D('',#1791,#1792,#1793);
#1791 = CARTESIAN_POINT('',(150.765,-1.6,-8.89));
#1792 = DIRECTION('',(-0.707106781187,-4.710277376051E-16,0.707106781187
    ));
#1793 = DIRECTION('',(4.440892098501E-16,-1.,-2.22044604925E-16));
#1794 = ADVANCED_FACE('',(#1795),#1806,.F.);
#1795 = FACE_BOUND('',#1796,.F.);
#1796 = EDGE_LOOP('',(#1797,#1798,#1799,#1805));
#1797 = ORIENTED_EDGE('',*,*,#1784,.F.);
#1798 = ORIENTED_EDGE('',*,*,#774,.F.);
#1799 = ORIENTED_EDGE('',*,*,#1800,.F.);
#1800 = EDGE_CURVE('',#846,#767,#1801,.T.);
#1801 = LINE('',#1802,#1803);
#1802 = CARTESIAN_POINT('',(157.995,1.6,-7.9));
#1803 = VECTOR('',#1804,1.);
#1804 = DIRECTION('',(4.440892098501E-16,-1.,-2.22044604925E-16));
#1805 = ORIENTED_EDGE('',*,*,#845,.F.);
#1806 = PLANE('',#1807);
#1807 = AXIS2_PLACEMENT_3D('',#1808,#1809,#1810);
#1808 = CARTESIAN_POINT('',(154.875,8.196157665594E-14,-7.9));
#1809 = DIRECTION('',(2.22044604925E-16,-2.22044604925E-16,1.));
#1810 = DIRECTION('',(1.,4.440892098501E-16,-2.22044604925E-16));
#1811 = ADVANCED_FACE('',(#1812),#1818,.F.);
#1812 = FACE_BOUND('',#1813,.T.);
#1813 = EDGE_LOOP('',(#1814,#1815,#1816,#1817));
#1814 = ORIENTED_EDGE('',*,*,#853,.F.);
#1815 = ORIENTED_EDGE('',*,*,#813,.T.);
#1816 = ORIENTED_EDGE('',*,*,#766,.T.);
#1817 = ORIENTED_EDGE('',*,*,#1800,.F.);
#1818 = PLANE('',#1819);
#1819 = AXIS2_PLACEMENT_3D('',#1820,#1821,#1822);
#1820 = CARTESIAN_POINT('',(158.985,1.6,-8.89));
#1821 = DIRECTION('',(0.707106781187,1.570092458684E-16,0.707106781187)
  );
#1822 = DIRECTION('',(-4.440892098501E-16,1.,2.22044604925E-16));
#1823 = ADVANCED_FACE('',(#1824),#1835,.F.);
#1824 = FACE_BOUND('',#1825,.T.);
#1825 = EDGE_LOOP('',(#1826,#1827,#1828,#1829));
#1826 = ORIENTED_EDGE('',*,*,#910,.F.);
#1827 = ORIENTED_EDGE('',*,*,#998,.T.);
#1828 = ORIENTED_EDGE('',*,*,#965,.T.);
#1829 = ORIENTED_EDGE('',*,*,#1830,.F.);
#1830 = EDGE_CURVE('',#903,#966,#1831,.T.);
#1831 = LINE('',#1832,#1833);
#1832 = CARTESIAN_POINT('',(131.105,-1.6,-7.9));
#1833 = VECTOR('',#1834,1.);
#1834 = DIRECTION('',(-4.440892098501E-16,1.,2.22044604925E-16));
#1835 = PLANE('',#1836);
#1836 = AXIS2_PLACEMENT_3D('',#1837,#1838,#1839);
#1837 = CARTESIAN_POINT('',(130.115,-1.6,-8.89));
#1838 = DIRECTION('',(-0.707106781187,-4.710277376051E-16,0.707106781187
    ));
#1839 = DIRECTION('',(4.440892098501E-16,-1.,-2.22044604925E-16));
#1840 = ADVANCED_FACE('',(#1841),#1852,.F.);
#1841 = FACE_BOUND('',#1842,.F.);
#1842 = EDGE_LOOP('',(#1843,#1844,#1845,#1851));
#1843 = ORIENTED_EDGE('',*,*,#1830,.F.);
#1844 = ORIENTED_EDGE('',*,*,#902,.F.);
#1845 = ORIENTED_EDGE('',*,*,#1846,.F.);
#1846 = EDGE_CURVE('',#974,#895,#1847,.T.);
#1847 = LINE('',#1848,#1849);
#1848 = CARTESIAN_POINT('',(137.345,1.6,-7.9));
#1849 = VECTOR('',#1850,1.);
#1850 = DIRECTION('',(4.440892098501E-16,-1.,-2.22044604925E-16));
#1851 = ORIENTED_EDGE('',*,*,#973,.F.);
#1852 = PLANE('',#1853);
#1853 = AXIS2_PLACEMENT_3D('',#1854,#1855,#1856);
#1854 = CARTESIAN_POINT('',(134.225,7.079113447253E-14,-7.9));
#1855 = DIRECTION('',(2.22044604925E-16,-2.22044604925E-16,1.));
#1856 = DIRECTION('',(1.,4.440892098501E-16,-2.22044604925E-16));
#1857 = ADVANCED_FACE('',(#1858),#1864,.F.);
#1858 = FACE_BOUND('',#1859,.T.);
#1859 = EDGE_LOOP('',(#1860,#1861,#1862,#1863));
#1860 = ORIENTED_EDGE('',*,*,#981,.F.);
#1861 = ORIENTED_EDGE('',*,*,#941,.T.);
#1862 = ORIENTED_EDGE('',*,*,#894,.T.);
#1863 = ORIENTED_EDGE('',*,*,#1846,.F.);
#1864 = PLANE('',#1865);
#1865 = AXIS2_PLACEMENT_3D('',#1866,#1867,#1868);
#1866 = CARTESIAN_POINT('',(138.335,1.6,-8.89));
#1867 = DIRECTION('',(0.707106781187,1.570092458684E-16,0.707106781187)
  );
#1868 = DIRECTION('',(-4.440892098501E-16,1.,2.22044604925E-16));
#1869 = ADVANCED_FACE('',(#1870),#1881,.F.);
#1870 = FACE_BOUND('',#1871,.T.);
#1871 = EDGE_LOOP('',(#1872,#1873,#1874,#1875));
#1872 = ORIENTED_EDGE('',*,*,#1038,.F.);
#1873 = ORIENTED_EDGE('',*,*,#1126,.T.);
#1874 = ORIENTED_EDGE('',*,*,#1093,.T.);
#1875 = ORIENTED_EDGE('',*,*,#1876,.F.);
#1876 = EDGE_CURVE('',#1031,#1094,#1877,.T.);
#1877 = LINE('',#1878,#1879);
#1878 = CARTESIAN_POINT('',(110.455,-1.6,-7.9));
#1879 = VECTOR('',#1880,1.);
#1880 = DIRECTION('',(-4.440892098501E-16,1.,2.22044604925E-16));
#1881 = PLANE('',#1882);
#1882 = AXIS2_PLACEMENT_3D('',#1883,#1884,#1885);
#1883 = CARTESIAN_POINT('',(109.465,-1.6,-8.89));
#1884 = DIRECTION('',(-0.707106781187,-4.710277376051E-16,0.707106781187
    ));
#1885 = DIRECTION('',(4.440892098501E-16,-1.,-2.22044604925E-16));
#1886 = ADVANCED_FACE('',(#1887),#1898,.F.);
#1887 = FACE_BOUND('',#1888,.F.);
#1888 = EDGE_LOOP('',(#1889,#1890,#1891,#1897));
#1889 = ORIENTED_EDGE('',*,*,#1876,.F.);
#1890 = ORIENTED_EDGE('',*,*,#1030,.F.);
#1891 = ORIENTED_EDGE('',*,*,#1892,.F.);
#1892 = EDGE_CURVE('',#1102,#1023,#1893,.T.);
#1893 = LINE('',#1894,#1895);
#1894 = CARTESIAN_POINT('',(116.695,1.6,-7.9));
#1895 = VECTOR('',#1896,1.);
#1896 = DIRECTION('',(4.440892098501E-16,-1.,-2.22044604925E-16));
#1897 = ORIENTED_EDGE('',*,*,#1101,.F.);
#1898 = PLANE('',#1899);
#1899 = AXIS2_PLACEMENT_3D('',#1900,#1901,#1902);
#1900 = CARTESIAN_POINT('',(113.575,5.862069228913E-14,-7.9));
#1901 = DIRECTION('',(2.22044604925E-16,-2.22044604925E-16,1.));
#1902 = DIRECTION('',(1.,4.440892098501E-16,-2.22044604925E-16));
#1903 = ADVANCED_FACE('',(#1904),#1910,.F.);
#1904 = FACE_BOUND('',#1905,.T.);
#1905 = EDGE_LOOP('',(#1906,#1907,#1908,#1909));
#1906 = ORIENTED_EDGE('',*,*,#1109,.F.);
#1907 = ORIENTED_EDGE('',*,*,#1069,.T.);
#1908 = ORIENTED_EDGE('',*,*,#1022,.T.);
#1909 = ORIENTED_EDGE('',*,*,#1892,.F.);
#1910 = PLANE('',#1911);
#1911 = AXIS2_PLACEMENT_3D('',#1912,#1913,#1914);
#1912 = CARTESIAN_POINT('',(117.685,1.6,-8.89));
#1913 = DIRECTION('',(0.707106781187,1.570092458684E-16,0.707106781187)
  );
#1914 = DIRECTION('',(-4.440892098501E-16,1.,2.22044604925E-16));
#1915 = ADVANCED_FACE('',(#1916),#1927,.F.);
#1916 = FACE_BOUND('',#1917,.T.);
#1917 = EDGE_LOOP('',(#1918,#1919,#1920,#1921));
#1918 = ORIENTED_EDGE('',*,*,#1166,.F.);
#1919 = ORIENTED_EDGE('',*,*,#1254,.T.);
#1920 = ORIENTED_EDGE('',*,*,#1221,.T.);
#1921 = ORIENTED_EDGE('',*,*,#1922,.F.);
#1922 = EDGE_CURVE('',#1159,#1222,#1923,.T.);
#1923 = LINE('',#1924,#1925);
#1924 = CARTESIAN_POINT('',(89.805,-1.6,-7.9));
#1925 = VECTOR('',#1926,1.);
#1926 = DIRECTION('',(-4.440892098501E-16,1.,2.22044604925E-16));
#1927 = PLANE('',#1928);
#1928 = AXIS2_PLACEMENT_3D('',#1929,#1930,#1931);
#1929 = CARTESIAN_POINT('',(88.815,-1.6,-8.89));
#1930 = DIRECTION('',(-0.707106781187,-4.710277376051E-16,0.707106781187
    ));
#1931 = DIRECTION('',(4.440892098501E-16,-1.,-2.22044604925E-16));
#1932 = ADVANCED_FACE('',(#1933),#1944,.F.);
#1933 = FACE_BOUND('',#1934,.F.);
#1934 = EDGE_LOOP('',(#1935,#1936,#1937,#1943));
#1935 = ORIENTED_EDGE('',*,*,#1922,.F.);
#1936 = ORIENTED_EDGE('',*,*,#1158,.F.);
#1937 = ORIENTED_EDGE('',*,*,#1938,.F.);
#1938 = EDGE_CURVE('',#1230,#1151,#1939,.T.);
#1939 = LINE('',#1940,#1941);
#1940 = CARTESIAN_POINT('',(96.045,1.6,-7.9));
#1941 = VECTOR('',#1942,1.);
#1942 = DIRECTION('',(4.440892098501E-16,-1.,-2.22044604925E-16));
#1943 = ORIENTED_EDGE('',*,*,#1229,.F.);
#1944 = PLANE('',#1945);
#1945 = AXIS2_PLACEMENT_3D('',#1946,#1947,#1948);
#1946 = CARTESIAN_POINT('',(92.925,4.745025010572E-14,-7.9));
#1947 = DIRECTION('',(2.22044604925E-16,-2.22044604925E-16,1.));
#1948 = DIRECTION('',(1.,4.440892098501E-16,-2.22044604925E-16));
#1949 = ADVANCED_FACE('',(#1950),#1956,.F.);
#1950 = FACE_BOUND('',#1951,.T.);
#1951 = EDGE_LOOP('',(#1952,#1953,#1954,#1955));
#1952 = ORIENTED_EDGE('',*,*,#1237,.F.);
#1953 = ORIENTED_EDGE('',*,*,#1197,.T.);
#1954 = ORIENTED_EDGE('',*,*,#1150,.T.);
#1955 = ORIENTED_EDGE('',*,*,#1938,.F.);
#1956 = PLANE('',#1957);
#1957 = AXIS2_PLACEMENT_3D('',#1958,#1959,#1960);
#1958 = CARTESIAN_POINT('',(97.035,1.6,-8.89));
#1959 = DIRECTION('',(0.707106781187,1.570092458684E-16,0.707106781187)
  );
#1960 = DIRECTION('',(-4.440892098501E-16,1.,2.22044604925E-16));
#1961 = ADVANCED_FACE('',(#1962),#1973,.F.);
#1962 = FACE_BOUND('',#1963,.T.);
#1963 = EDGE_LOOP('',(#1964,#1965,#1966,#1967));
#1964 = ORIENTED_EDGE('',*,*,#1294,.F.);
#1965 = ORIENTED_EDGE('',*,*,#1382,.T.);
#1966 = ORIENTED_EDGE('',*,*,#1349,.T.);
#1967 = ORIENTED_EDGE('',*,*,#1968,.F.);
#1968 = EDGE_CURVE('',#1287,#1350,#1969,.T.);
#1969 = LINE('',#1970,#1971);
#1970 = CARTESIAN_POINT('',(48.505,-1.6,-7.9));
#1971 = VECTOR('',#1972,1.);
#1972 = DIRECTION('',(-4.440892098501E-16,1.,2.22044604925E-16));
#1973 = PLANE('',#1974);
#1974 = AXIS2_PLACEMENT_3D('',#1975,#1976,#1977);
#1975 = CARTESIAN_POINT('',(47.515,-1.6,-8.89));
#1976 = DIRECTION('',(-0.707106781187,-4.710277376051E-16,0.707106781187
    ));
#1977 = DIRECTION('',(4.440892098501E-16,-1.,-2.22044604925E-16));
#1978 = ADVANCED_FACE('',(#1979),#1990,.F.);
#1979 = FACE_BOUND('',#1980,.F.);
#1980 = EDGE_LOOP('',(#1981,#1982,#1983,#1989));
#1981 = ORIENTED_EDGE('',*,*,#1968,.F.);
#1982 = ORIENTED_EDGE('',*,*,#1286,.F.);
#1983 = ORIENTED_EDGE('',*,*,#1984,.F.);
#1984 = EDGE_CURVE('',#1358,#1279,#1985,.T.);
#1985 = LINE('',#1986,#1987);
#1986 = CARTESIAN_POINT('',(54.745,1.6,-7.9));
#1987 = VECTOR('',#1988,1.);
#1988 = DIRECTION('',(4.440892098501E-16,-1.,-2.22044604925E-16));
#1989 = ORIENTED_EDGE('',*,*,#1357,.F.);
#1990 = PLANE('',#1991);
#1991 = AXIS2_PLACEMENT_3D('',#1992,#1993,#1994);
#1992 = CARTESIAN_POINT('',(51.625,2.510936573892E-14,-7.9));
#1993 = DIRECTION('',(2.22044604925E-16,-2.22044604925E-16,1.));
#1994 = DIRECTION('',(1.,4.440892098501E-16,-2.22044604925E-16));
#1995 = ADVANCED_FACE('',(#1996),#2002,.F.);
#1996 = FACE_BOUND('',#1997,.T.);
#1997 = EDGE_LOOP('',(#1998,#1999,#2000,#2001));
#1998 = ORIENTED_EDGE('',*,*,#1365,.F.);
#1999 = ORIENTED_EDGE('',*,*,#1325,.T.);
#2000 = ORIENTED_EDGE('',*,*,#1278,.T.);
#2001 = ORIENTED_EDGE('',*,*,#1984,.F.);
#2002 = PLANE('',#2003);
#2003 = AXIS2_PLACEMENT_3D('',#2004,#2005,#2006);
#2004 = CARTESIAN_POINT('',(55.735,1.6,-8.89));
#2005 = DIRECTION('',(0.707106781187,1.570092458684E-16,0.707106781187)
  );
#2006 = DIRECTION('',(-4.440892098501E-16,1.,2.22044604925E-16));
#2007 = ADVANCED_FACE('',(#2008),#2019,.F.);
#2008 = FACE_BOUND('',#2009,.T.);
#2009 = EDGE_LOOP('',(#2010,#2011,#2012,#2013));
#2010 = ORIENTED_EDGE('',*,*,#1422,.F.);
#2011 = ORIENTED_EDGE('',*,*,#1510,.T.);
#2012 = ORIENTED_EDGE('',*,*,#1477,.T.);
#2013 = ORIENTED_EDGE('',*,*,#2014,.F.);
#2014 = EDGE_CURVE('',#1415,#1478,#2015,.T.);
#2015 = LINE('',#2016,#2017);
#2016 = CARTESIAN_POINT('',(27.855,-1.6,-7.9));
#2017 = VECTOR('',#2018,1.);
#2018 = DIRECTION('',(-4.440892098501E-16,1.,2.22044604925E-16));
#2019 = PLANE('',#2020);
#2020 = AXIS2_PLACEMENT_3D('',#2021,#2022,#2023);
#2021 = CARTESIAN_POINT('',(26.865,-1.6,-8.89));
#2022 = DIRECTION('',(-0.707106781187,-4.710277376051E-16,0.707106781187
    ));
#2023 = DIRECTION('',(4.440892098501E-16,-1.,-2.22044604925E-16));
#2024 = ADVANCED_FACE('',(#2025),#2036,.F.);
#2025 = FACE_BOUND('',#2026,.F.);
#2026 = EDGE_LOOP('',(#2027,#2028,#2029,#2035));
#2027 = ORIENTED_EDGE('',*,*,#2014,.F.);
#2028 = ORIENTED_EDGE('',*,*,#1414,.F.);
#2029 = ORIENTED_EDGE('',*,*,#2030,.F.);
#2030 = EDGE_CURVE('',#1486,#1407,#2031,.T.);
#2031 = LINE('',#2032,#2033);
#2032 = CARTESIAN_POINT('',(34.095,1.6,-7.9));
#2033 = VECTOR('',#2034,1.);
#2034 = DIRECTION('',(4.440892098501E-16,-1.,-2.22044604925E-16));
#2035 = ORIENTED_EDGE('',*,*,#1485,.F.);
#2036 = PLANE('',#2037);
#2037 = AXIS2_PLACEMENT_3D('',#2038,#2039,#2040);
#2038 = CARTESIAN_POINT('',(30.975,1.293892355551E-14,-7.9));
#2039 = DIRECTION('',(2.22044604925E-16,-2.22044604925E-16,1.));
#2040 = DIRECTION('',(1.,4.440892098501E-16,-2.22044604925E-16));
#2041 = ADVANCED_FACE('',(#2042),#2048,.F.);
#2042 = FACE_BOUND('',#2043,.T.);
#2043 = EDGE_LOOP('',(#2044,#2045,#2046,#2047));
#2044 = ORIENTED_EDGE('',*,*,#1493,.F.);
#2045 = ORIENTED_EDGE('',*,*,#1453,.T.);
#2046 = ORIENTED_EDGE('',*,*,#1406,.T.);
#2047 = ORIENTED_EDGE('',*,*,#2030,.F.);
#2048 = PLANE('',#2049);
#2049 = AXIS2_PLACEMENT_3D('',#2050,#2051,#2052);
#2050 = CARTESIAN_POINT('',(35.085,1.6,-8.89));
#2051 = DIRECTION('',(0.707106781187,1.570092458684E-16,0.707106781187)
  );
#2052 = DIRECTION('',(-4.440892098501E-16,1.,2.22044604925E-16));
#2053 = ADVANCED_FACE('',(#2054),#2065,.F.);
#2054 = FACE_BOUND('',#2055,.T.);
#2055 = EDGE_LOOP('',(#2056,#2057,#2058,#2059));
#2056 = ORIENTED_EDGE('',*,*,#1637,.F.);
#2057 = ORIENTED_EDGE('',*,*,#1580,.T.);
#2058 = ORIENTED_EDGE('',*,*,#1533,.T.);
#2059 = ORIENTED_EDGE('',*,*,#2060,.F.);
#2060 = EDGE_CURVE('',#1630,#1534,#2061,.T.);
#2061 = LINE('',#2062,#2063);
#2062 = CARTESIAN_POINT('',(13.445,1.6,-7.9));
#2063 = VECTOR('',#2064,1.);
#2064 = DIRECTION('',(4.440892098501E-16,-1.,-2.22044604925E-16));
#2065 = PLANE('',#2066);
#2066 = AXIS2_PLACEMENT_3D('',#2067,#2068,#2069);
#2067 = CARTESIAN_POINT('',(14.435,1.6,-8.89));
#2068 = DIRECTION('',(0.707106781187,1.570092458684E-16,0.707106781187)
  );
#2069 = DIRECTION('',(-4.440892098501E-16,1.,2.22044604925E-16));
#2070 = ADVANCED_FACE('',(#2071),#2082,.F.);
#2071 = FACE_BOUND('',#2072,.F.);
#2072 = EDGE_LOOP('',(#2073,#2074,#2080,#2081));
#2073 = ORIENTED_EDGE('',*,*,#1629,.F.);
#2074 = ORIENTED_EDGE('',*,*,#2075,.F.);
#2075 = EDGE_CURVE('',#1542,#1622,#2076,.T.);
#2076 = LINE('',#2077,#2078);
#2077 = CARTESIAN_POINT('',(7.205,-1.6,-7.9));
#2078 = VECTOR('',#2079,1.);
#2079 = DIRECTION('',(-4.440892098501E-16,1.,2.22044604925E-16));
#2080 = ORIENTED_EDGE('',*,*,#1541,.F.);
#2081 = ORIENTED_EDGE('',*,*,#2060,.F.);
#2082 = PLANE('',#2083);
#2083 = AXIS2_PLACEMENT_3D('',#2084,#2085,#2086);
#2084 = CARTESIAN_POINT('',(10.325,1.768481372109E-15,-7.9));
#2085 = DIRECTION('',(2.22044604925E-16,-2.22044604925E-16,1.));
#2086 = DIRECTION('',(1.,4.440892098501E-16,-2.22044604925E-16));
#2087 = ADVANCED_FACE('',(#2088),#2094,.F.);
#2088 = FACE_BOUND('',#2089,.T.);
#2089 = EDGE_LOOP('',(#2090,#2091,#2092,#2093));
#2090 = ORIENTED_EDGE('',*,*,#1549,.F.);
#2091 = ORIENTED_EDGE('',*,*,#1597,.T.);
#2092 = ORIENTED_EDGE('',*,*,#1621,.T.);
#2093 = ORIENTED_EDGE('',*,*,#2075,.F.);
#2094 = PLANE('',#2095);
#2095 = AXIS2_PLACEMENT_3D('',#2096,#2097,#2098);
#2096 = CARTESIAN_POINT('',(6.215,-1.6,-8.89));
#2097 = DIRECTION('',(-0.707106781187,-4.710277376051E-16,0.707106781187
    ));
#2098 = DIRECTION('',(4.440892098501E-16,-1.,-2.22044604925E-16));
#2099 = ADVANCED_FACE('',(#2100),#2111,.F.);
#2100 = FACE_BOUND('',#2101,.T.);
#2101 = EDGE_LOOP('',(#2102,#2103,#2104,#2105));
#2102 = ORIENTED_EDGE('',*,*,#1678,.F.);
#2103 = ORIENTED_EDGE('',*,*,#1766,.T.);
#2104 = ORIENTED_EDGE('',*,*,#1733,.T.);
#2105 = ORIENTED_EDGE('',*,*,#2106,.F.);
#2106 = EDGE_CURVE('',#1671,#1734,#2107,.T.);
#2107 = LINE('',#2108,#2109);
#2108 = CARTESIAN_POINT('',(69.155,-1.6,-7.9));
#2109 = VECTOR('',#2110,1.);
#2110 = DIRECTION('',(-4.440892098501E-16,1.,2.22044604925E-16));
#2111 = PLANE('',#2112);
#2112 = AXIS2_PLACEMENT_3D('',#2113,#2114,#2115);
#2113 = CARTESIAN_POINT('',(68.165,-1.6,-8.89));
#2114 = DIRECTION('',(-0.707106781187,-4.710277376051E-16,0.707106781187
    ));
#2115 = DIRECTION('',(4.440892098501E-16,-1.,-2.22044604925E-16));
#2116 = ADVANCED_FACE('',(#2117),#2128,.F.);
#2117 = FACE_BOUND('',#2118,.F.);
#2118 = EDGE_LOOP('',(#2119,#2120,#2121,#2127));
#2119 = ORIENTED_EDGE('',*,*,#2106,.F.);
#2120 = ORIENTED_EDGE('',*,*,#1670,.F.);
#2121 = ORIENTED_EDGE('',*,*,#2122,.F.);
#2122 = EDGE_CURVE('',#1742,#1663,#2123,.T.);
#2123 = LINE('',#2124,#2125);
#2124 = CARTESIAN_POINT('',(75.395,1.6,-7.9));
#2125 = VECTOR('',#2126,1.);
#2126 = DIRECTION('',(4.440892098501E-16,-1.,-2.22044604925E-16));
#2127 = ORIENTED_EDGE('',*,*,#1741,.F.);
#2128 = PLANE('',#2129);
#2129 = AXIS2_PLACEMENT_3D('',#2130,#2131,#2132);
#2130 = CARTESIAN_POINT('',(72.275,3.627980792232E-14,-7.9));
#2131 = DIRECTION('',(2.22044604925E-16,-2.22044604925E-16,1.));
#2132 = DIRECTION('',(1.,4.440892098501E-16,-2.22044604925E-16));
#2133 = ADVANCED_FACE('',(#2134),#2140,.F.);
#2134 = FACE_BOUND('',#2135,.T.);
#2135 = EDGE_LOOP('',(#2136,#2137,#2138,#2139));
#2136 = ORIENTED_EDGE('',*,*,#1749,.F.);
#2137 = ORIENTED_EDGE('',*,*,#1709,.T.);
#2138 = ORIENTED_EDGE('',*,*,#1662,.T.);
#2139 = ORIENTED_EDGE('',*,*,#2122,.F.);
#2140 = PLANE('',#2141);
#2141 = AXIS2_PLACEMENT_3D('',#2142,#2143,#2144);
#2142 = CARTESIAN_POINT('',(76.385,1.6,-8.89));
#2143 = DIRECTION('',(0.707106781187,1.570092458684E-16,0.707106781187)
  );
#2144 = DIRECTION('',(-4.440892098501E-16,1.,2.22044604925E-16));
#2145 = ADVANCED_FACE('',(#2146),#2162,.T.);
#2146 = FACE_BOUND('',#2147,.T.);
#2147 = EDGE_LOOP('',(#2148,#2149,#2150,#2151,#2152,#2153,#2154,#2155,
    #2156,#2157,#2158,#2159,#2160,#2161));
#2148 = ORIENTED_EDGE('',*,*,#412,.F.);
#2149 = ORIENTED_EDGE('',*,*,#444,.T.);
#2150 = ORIENTED_EDGE('',*,*,#509,.F.);
#2151 = ORIENTED_EDGE('',*,*,#682,.F.);
#2152 = ORIENTED_EDGE('',*,*,#372,.F.);
#2153 = ORIENTED_EDGE('',*,*,#69,.F.);
#2154 = ORIENTED_EDGE('',*,*,#743,.F.);
#2155 = ORIENTED_EDGE('',*,*,#704,.F.);
#2156 = ORIENTED_EDGE('',*,*,#668,.F.);
#2157 = ORIENTED_EDGE('',*,*,#636,.T.);
#2158 = ORIENTED_EDGE('',*,*,#604,.F.);
#2159 = ORIENTED_EDGE('',*,*,#572,.F.);
#2160 = ORIENTED_EDGE('',*,*,#540,.F.);
#2161 = ORIENTED_EDGE('',*,*,#477,.F.);
#2162 = PLANE('',#2163);
#2163 = AXIS2_PLACEMENT_3D('',#2164,#2165,#2166);
#2164 = CARTESIAN_POINT('',(1.093479646461E-15,-1.554902601739E-15,
    -6.606909139491));
#2165 = DIRECTION('',(-1.,-3.387941879216E-16,-2.629913205574E-16));
#2166 = DIRECTION('',(3.387941879216E-16,-1.,0.));
#2167 = ADVANCED_FACE('',(#2168),#2184,.T.);
#2168 = FACE_BOUND('',#2169,.T.);
#2169 = EDGE_LOOP('',(#2170,#2171,#2172,#2173,#2174,#2175,#2176,#2177,
    #2178,#2179,#2180,#2181,#2182,#2183));
#2170 = ORIENTED_EDGE('',*,*,#396,.T.);
#2171 = ORIENTED_EDGE('',*,*,#460,.T.);
#2172 = ORIENTED_EDGE('',*,*,#524,.T.);
#2173 = ORIENTED_EDGE('',*,*,#555,.T.);
#2174 = ORIENTED_EDGE('',*,*,#588,.T.);
#2175 = ORIENTED_EDGE('',*,*,#628,.F.);
#2176 = ORIENTED_EDGE('',*,*,#652,.T.);
#2177 = ORIENTED_EDGE('',*,*,#713,.T.);
#2178 = ORIENTED_EDGE('',*,*,#736,.T.);
#2179 = ORIENTED_EDGE('',*,*,#53,.T.);
#2180 = ORIENTED_EDGE('',*,*,#356,.T.);
#2181 = ORIENTED_EDGE('',*,*,#689,.T.);
#2182 = ORIENTED_EDGE('',*,*,#502,.T.);
#2183 = ORIENTED_EDGE('',*,*,#427,.F.);
#2184 = PLANE('',#2185);
#2185 = AXIS2_PLACEMENT_3D('',#2186,#2187,#2188);
#2186 = CARTESIAN_POINT('',(165.2,5.977488408096E-14,-6.606909139491));
#2187 = DIRECTION('',(1.,0.,3.351259532444E-15));
#2188 = DIRECTION('',(-3.351259532444E-15,0.,1.));
#2189 = ( GEOMETRIC_REPRESENTATION_CONTEXT(3) 
GLOBAL_UNCERTAINTY_ASSIGNED_CONTEXT((#2193)) 
GLOBAL_UNIT_ASSIGNED_CONTEXT((#2190,#2191,#2192)) REPRESENTATION_CONTEXT
('Context #1','3D Context with UNIT and UNCERTAINTY') );
#2190 = ( LENGTH_UNIT() NAMED_UNIT(*) SI_UNIT(.MILLI.,.METRE.) );
#2191 = ( NAMED_UNIT(*) PLANE_ANGLE_UNIT() SI_UNIT($,.RADIAN.) );
#2192 = ( NAMED_UNIT(*) SI_UNIT($,.STERADIAN.) SOLID_ANGLE_UNIT() );
#2193 = UNCERTAINTY_MEASURE_WITH_UNIT(LENGTH_MEASURE(1.E-07),#2190,
  'distance_accuracy_value','confusion accuracy');
#2194 = CONTEXT_DEPENDENT_SHAPE_REPRESENTATION(#2195,#2197);
#2195 = ( REPRESENTATION_RELATIONSHIP('','',#36,#10) 
REPRESENTATION_RELATIONSHIP_WITH_TRANSFORMATION(#2196) 
SHAPE_REPRESENTATION_RELATIONSHIP() );
#2196 = ITEM_DEFINED_TRANSFORMATION('','',#11,#15);
#2197 = PRODUCT_DEFINITION_SHAPE('Placement','Placement of an item',
  #2198);
#2198 = NEXT_ASSEMBLY_USAGE_OCCURRENCE('1','pZeroStop','',#5,#31,$);
#2199 = PRODUCT_RELATED_PRODUCT_CATEGORY('part',$,(#33));
#2200 = SHAPE_DEFINITION_REPRESENTATION(#2201,#2207);
#2201 = PRODUCT_DEFINITION_SHAPE('','',#2202);
#2202 = PRODUCT_DEFINITION('design','',#2203,#2206);
#2203 = PRODUCT_DEFINITION_FORMATION('','',#2204);
#2204 = PRODUCT('bKlak20SliderBonded001','bKlak20SliderBonded001','',(
    #2205));
#2205 = PRODUCT_CONTEXT('',#2,'mechanical');
#2206 = PRODUCT_DEFINITION_CONTEXT('part definition',#2,'design');
#2207 = ADVANCED_BREP_SHAPE_REPRESENTATION('',(#11,#2208),#4434);
#2208 = MANIFOLD_SOLID_BREP('',#2209);
#2209 = CLOSED_SHELL('',(#2210,#2266,#2297,#2321,#2617,#2641,#2665,#2682
    ,#2696,#2831,#2856,#2983,#3000,#3047,#3071,#3095,#3128,#3175,#3199,
    #3223,#3256,#3303,#3327,#3351,#3384,#3431,#3455,#3479,#3512,#3559,
    #3583,#3607,#3640,#3687,#3711,#3735,#3768,#3815,#3839,#3863,#3896,
    #3918,#3935,#3952,#3969,#3986,#3998,#4015,#4032,#4049,#4066,#4083,
    #4100,#4117,#4134,#4146,#4163,#4180,#4192,#4209,#4226,#4238,#4255,
    #4272,#4284,#4301,#4318,#4330,#4347,#4364,#4376,#4393,#4410,#4422));
#2210 = ADVANCED_FACE('',(#2211),#2261,.F.);
#2211 = FACE_BOUND('',#2212,.F.);
#2212 = EDGE_LOOP('',(#2213,#2223,#2231,#2239,#2247,#2255));
#2213 = ORIENTED_EDGE('',*,*,#2214,.T.);
#2214 = EDGE_CURVE('',#2215,#2217,#2219,.T.);
#2215 = VERTEX_POINT('',#2216);
#2216 = CARTESIAN_POINT('',(1.5,10.2,15.325));
#2217 = VERTEX_POINT('',#2218);
#2218 = CARTESIAN_POINT('',(1.5,10.22,15.325));
#2219 = LINE('',#2220,#2221);
#2220 = CARTESIAN_POINT('',(1.5,10.2,15.325));
#2221 = VECTOR('',#2222,1.);
#2222 = DIRECTION('',(0.,1.,-2.2E-16));
#2223 = ORIENTED_EDGE('',*,*,#2224,.T.);
#2224 = EDGE_CURVE('',#2217,#2225,#2227,.T.);
#2225 = VERTEX_POINT('',#2226);
#2226 = CARTESIAN_POINT('',(1.5,12.2,13.345));
#2227 = LINE('',#2228,#2229);
#2228 = CARTESIAN_POINT('',(1.5,10.71,14.835));
#2229 = VECTOR('',#2230,1.);
#2230 = DIRECTION('',(0.,0.707106781187,-0.707106781187));
#2231 = ORIENTED_EDGE('',*,*,#2232,.T.);
#2232 = EDGE_CURVE('',#2225,#2233,#2235,.T.);
#2233 = VERTEX_POINT('',#2234);
#2234 = CARTESIAN_POINT('',(1.5,12.2,7.305));
#2235 = LINE('',#2236,#2237);
#2236 = CARTESIAN_POINT('',(1.5,12.2,15.325));
#2237 = VECTOR('',#2238,1.);
#2238 = DIRECTION('',(0.,0.,-1.));
#2239 = ORIENTED_EDGE('',*,*,#2240,.F.);
#2240 = EDGE_CURVE('',#2241,#2233,#2243,.T.);
#2241 = VERTEX_POINT('',#2242);
#2242 = CARTESIAN_POINT('',(1.5,10.22,5.325));
#2243 = LINE('',#2244,#2245);
#2244 = CARTESIAN_POINT('',(1.5,13.21,8.315));
#2245 = VECTOR('',#2246,1.);
#2246 = DIRECTION('',(0.,0.707106781187,0.707106781187));
#2247 = ORIENTED_EDGE('',*,*,#2248,.F.);
#2248 = EDGE_CURVE('',#2249,#2241,#2251,.T.);
#2249 = VERTEX_POINT('',#2250);
#2250 = CARTESIAN_POINT('',(1.5,10.2,5.325));
#2251 = LINE('',#2252,#2253);
#2252 = CARTESIAN_POINT('',(1.5,10.2,5.325));
#2253 = VECTOR('',#2254,1.);
#2254 = DIRECTION('',(0.,1.,-2.2E-16));
#2255 = ORIENTED_EDGE('',*,*,#2256,.F.);
#2256 = EDGE_CURVE('',#2215,#2249,#2257,.T.);
#2257 = LINE('',#2258,#2259);
#2258 = CARTESIAN_POINT('',(1.5,10.2,15.325));
#2259 = VECTOR('',#2260,1.);
#2260 = DIRECTION('',(0.,0.,-1.));
#2261 = PLANE('',#2262);
#2262 = AXIS2_PLACEMENT_3D('',#2263,#2264,#2265);
#2263 = CARTESIAN_POINT('',(1.5,10.2,15.325));
#2264 = DIRECTION('',(-1.,0.,0.));
#2265 = DIRECTION('',(-0.,-2.2E-16,-1.));
#2266 = ADVANCED_FACE('',(#2267),#2292,.F.);
#2267 = FACE_BOUND('',#2268,.F.);
#2268 = EDGE_LOOP('',(#2269,#2279,#2285,#2286));
#2269 = ORIENTED_EDGE('',*,*,#2270,.T.);
#2270 = EDGE_CURVE('',#2271,#2273,#2275,.T.);
#2271 = VERTEX_POINT('',#2272);
#2272 = CARTESIAN_POINT('',(-1.5,10.2,15.325));
#2273 = VERTEX_POINT('',#2274);
#2274 = CARTESIAN_POINT('',(-1.5,10.22,15.325));
#2275 = LINE('',#2276,#2277);
#2276 = CARTESIAN_POINT('',(-1.5,10.2,15.325));
#2277 = VECTOR('',#2278,1.);
#2278 = DIRECTION('',(0.,1.,-2.2E-16));
#2279 = ORIENTED_EDGE('',*,*,#2280,.T.);
#2280 = EDGE_CURVE('',#2273,#2217,#2281,.T.);
#2281 = LINE('',#2282,#2283);
#2282 = CARTESIAN_POINT('',(-1.5,10.22,15.325));
#2283 = VECTOR('',#2284,1.);
#2284 = DIRECTION('',(1.,0.,0.));
#2285 = ORIENTED_EDGE('',*,*,#2214,.F.);
#2286 = ORIENTED_EDGE('',*,*,#2287,.F.);
#2287 = EDGE_CURVE('',#2271,#2215,#2288,.T.);
#2288 = LINE('',#2289,#2290);
#2289 = CARTESIAN_POINT('',(-1.5,10.2,15.325));
#2290 = VECTOR('',#2291,1.);
#2291 = DIRECTION('',(1.,0.,0.));
#2292 = PLANE('',#2293);
#2293 = AXIS2_PLACEMENT_3D('',#2294,#2295,#2296);
#2294 = CARTESIAN_POINT('',(-1.5,10.2,15.325));
#2295 = DIRECTION('',(0.,-2.2E-16,-1.));
#2296 = DIRECTION('',(1.,0.,0.));
#2297 = ADVANCED_FACE('',(#2298),#2316,.F.);
#2298 = FACE_BOUND('',#2299,.T.);
#2299 = EDGE_LOOP('',(#2300,#2308,#2309,#2310));
#2300 = ORIENTED_EDGE('',*,*,#2301,.F.);
#2301 = EDGE_CURVE('',#2273,#2302,#2304,.T.);
#2302 = VERTEX_POINT('',#2303);
#2303 = CARTESIAN_POINT('',(-1.5,12.2,13.345));
#2304 = LINE('',#2305,#2306);
#2305 = CARTESIAN_POINT('',(-1.5,13.21,12.335));
#2306 = VECTOR('',#2307,1.);
#2307 = DIRECTION('',(0.,0.707106781187,-0.707106781187));
#2308 = ORIENTED_EDGE('',*,*,#2280,.T.);
#2309 = ORIENTED_EDGE('',*,*,#2224,.T.);
#2310 = ORIENTED_EDGE('',*,*,#2311,.F.);
#2311 = EDGE_CURVE('',#2302,#2225,#2312,.T.);
#2312 = LINE('',#2313,#2314);
#2313 = CARTESIAN_POINT('',(-1.5,12.2,13.345));
#2314 = VECTOR('',#2315,1.);
#2315 = DIRECTION('',(1.,0.,0.));
#2316 = PLANE('',#2317);
#2317 = AXIS2_PLACEMENT_3D('',#2318,#2319,#2320);
#2318 = CARTESIAN_POINT('',(-1.5,11.21,14.335));
#2319 = DIRECTION('',(0.,-0.707106781187,-0.707106781187));
#2320 = DIRECTION('',(-1.,-0.,-0.));
#2321 = ADVANCED_FACE('',(#2322,#2356,#2390,#2424,#2458,#2492,#2526,
    #2560,#2594),#2612,.T.);
#2322 = FACE_BOUND('',#2323,.T.);
#2323 = EDGE_LOOP('',(#2324,#2334,#2342,#2350));
#2324 = ORIENTED_EDGE('',*,*,#2325,.F.);
#2325 = EDGE_CURVE('',#2326,#2328,#2330,.T.);
#2326 = VERTEX_POINT('',#2327);
#2327 = CARTESIAN_POINT('',(-3.425,10.2,0.));
#2328 = VERTEX_POINT('',#2329);
#2329 = CARTESIAN_POINT('',(3.425,10.2,0.));
#2330 = LINE('',#2331,#2332);
#2331 = CARTESIAN_POINT('',(-8.,10.2,0.));
#2332 = VECTOR('',#2333,1.);
#2333 = DIRECTION('',(1.,0.,0.));
#2334 = ORIENTED_EDGE('',*,*,#2335,.T.);
#2335 = EDGE_CURVE('',#2326,#2336,#2338,.T.);
#2336 = VERTEX_POINT('',#2337);
#2337 = CARTESIAN_POINT('',(-3.425,10.2,165.2));
#2338 = LINE('',#2339,#2340);
#2339 = CARTESIAN_POINT('',(-3.425,10.2,0.));
#2340 = VECTOR('',#2341,1.);
#2341 = DIRECTION('',(0.,0.,1.));
#2342 = ORIENTED_EDGE('',*,*,#2343,.T.);
#2343 = EDGE_CURVE('',#2336,#2344,#2346,.T.);
#2344 = VERTEX_POINT('',#2345);
#2345 = CARTESIAN_POINT('',(3.425,10.2,165.2));
#2346 = LINE('',#2347,#2348);
#2347 = CARTESIAN_POINT('',(-8.,10.2,165.2));
#2348 = VECTOR('',#2349,1.);
#2349 = DIRECTION('',(1.,0.,0.));
#2350 = ORIENTED_EDGE('',*,*,#2351,.F.);
#2351 = EDGE_CURVE('',#2328,#2344,#2352,.T.);
#2352 = LINE('',#2353,#2354);
#2353 = CARTESIAN_POINT('',(3.425,10.2,0.));
#2354 = VECTOR('',#2355,1.);
#2355 = DIRECTION('',(0.,0.,1.));
#2356 = FACE_BOUND('',#2357,.T.);
#2357 = EDGE_LOOP('',(#2358,#2368,#2376,#2384));
#2358 = ORIENTED_EDGE('',*,*,#2359,.F.);
#2359 = EDGE_CURVE('',#2360,#2362,#2364,.T.);
#2360 = VERTEX_POINT('',#2361);
#2361 = CARTESIAN_POINT('',(1.5,10.2,159.875));
#2362 = VERTEX_POINT('',#2363);
#2363 = CARTESIAN_POINT('',(1.5,10.2,149.875));
#2364 = LINE('',#2365,#2366);
#2365 = CARTESIAN_POINT('',(1.5,10.2,159.875));
#2366 = VECTOR('',#2367,1.);
#2367 = DIRECTION('',(0.,0.,-1.));
#2368 = ORIENTED_EDGE('',*,*,#2369,.F.);
#2369 = EDGE_CURVE('',#2370,#2360,#2372,.T.);
#2370 = VERTEX_POINT('',#2371);
#2371 = CARTESIAN_POINT('',(-1.5,10.2,159.875));
#2372 = LINE('',#2373,#2374);
#2373 = CARTESIAN_POINT('',(-1.5,10.2,159.875));
#2374 = VECTOR('',#2375,1.);
#2375 = DIRECTION('',(1.,0.,0.));
#2376 = ORIENTED_EDGE('',*,*,#2377,.F.);
#2377 = EDGE_CURVE('',#2378,#2370,#2380,.T.);
#2378 = VERTEX_POINT('',#2379);
#2379 = CARTESIAN_POINT('',(-1.5,10.2,149.875));
#2380 = LINE('',#2381,#2382);
#2381 = CARTESIAN_POINT('',(-1.5,10.2,149.875));
#2382 = VECTOR('',#2383,1.);
#2383 = DIRECTION('',(0.,0.,1.));
#2384 = ORIENTED_EDGE('',*,*,#2385,.F.);
#2385 = EDGE_CURVE('',#2362,#2378,#2386,.T.);
#2386 = LINE('',#2387,#2388);
#2387 = CARTESIAN_POINT('',(1.5,10.2,149.875));
#2388 = VECTOR('',#2389,1.);
#2389 = DIRECTION('',(-1.,0.,0.));
#2390 = FACE_BOUND('',#2391,.T.);
#2391 = EDGE_LOOP('',(#2392,#2402,#2410,#2418));
#2392 = ORIENTED_EDGE('',*,*,#2393,.F.);
#2393 = EDGE_CURVE('',#2394,#2396,#2398,.T.);
#2394 = VERTEX_POINT('',#2395);
#2395 = CARTESIAN_POINT('',(1.5,10.2,139.225));
#2396 = VERTEX_POINT('',#2397);
#2397 = CARTESIAN_POINT('',(1.5,10.2,129.225));
#2398 = LINE('',#2399,#2400);
#2399 = CARTESIAN_POINT('',(1.5,10.2,139.225));
#2400 = VECTOR('',#2401,1.);
#2401 = DIRECTION('',(0.,0.,-1.));
#2402 = ORIENTED_EDGE('',*,*,#2403,.F.);
#2403 = EDGE_CURVE('',#2404,#2394,#2406,.T.);
#2404 = VERTEX_POINT('',#2405);
#2405 = CARTESIAN_POINT('',(-1.5,10.2,139.225));
#2406 = LINE('',#2407,#2408);
#2407 = CARTESIAN_POINT('',(-1.5,10.2,139.225));
#2408 = VECTOR('',#2409,1.);
#2409 = DIRECTION('',(1.,0.,0.));
#2410 = ORIENTED_EDGE('',*,*,#2411,.F.);
#2411 = EDGE_CURVE('',#2412,#2404,#2414,.T.);
#2412 = VERTEX_POINT('',#2413);
#2413 = CARTESIAN_POINT('',(-1.5,10.2,129.225));
#2414 = LINE('',#2415,#2416);
#2415 = CARTESIAN_POINT('',(-1.5,10.2,129.225));
#2416 = VECTOR('',#2417,1.);
#2417 = DIRECTION('',(0.,0.,1.));
#2418 = ORIENTED_EDGE('',*,*,#2419,.F.);
#2419 = EDGE_CURVE('',#2396,#2412,#2420,.T.);
#2420 = LINE('',#2421,#2422);
#2421 = CARTESIAN_POINT('',(1.5,10.2,129.225));
#2422 = VECTOR('',#2423,1.);
#2423 = DIRECTION('',(-1.,0.,0.));
#2424 = FACE_BOUND('',#2425,.T.);
#2425 = EDGE_LOOP('',(#2426,#2436,#2444,#2452));
#2426 = ORIENTED_EDGE('',*,*,#2427,.F.);
#2427 = EDGE_CURVE('',#2428,#2430,#2432,.T.);
#2428 = VERTEX_POINT('',#2429);
#2429 = CARTESIAN_POINT('',(1.5,10.2,118.575));
#2430 = VERTEX_POINT('',#2431);
#2431 = CARTESIAN_POINT('',(1.5,10.2,108.575));
#2432 = LINE('',#2433,#2434);
#2433 = CARTESIAN_POINT('',(1.5,10.2,118.575));
#2434 = VECTOR('',#2435,1.);
#2435 = DIRECTION('',(0.,0.,-1.));
#2436 = ORIENTED_EDGE('',*,*,#2437,.F.);
#2437 = EDGE_CURVE('',#2438,#2428,#2440,.T.);
#2438 = VERTEX_POINT('',#2439);
#2439 = CARTESIAN_POINT('',(-1.5,10.2,118.575));
#2440 = LINE('',#2441,#2442);
#2441 = CARTESIAN_POINT('',(-1.5,10.2,118.575));
#2442 = VECTOR('',#2443,1.);
#2443 = DIRECTION('',(1.,0.,0.));
#2444 = ORIENTED_EDGE('',*,*,#2445,.F.);
#2445 = EDGE_CURVE('',#2446,#2438,#2448,.T.);
#2446 = VERTEX_POINT('',#2447);
#2447 = CARTESIAN_POINT('',(-1.5,10.2,108.575));
#2448 = LINE('',#2449,#2450);
#2449 = CARTESIAN_POINT('',(-1.5,10.2,108.575));
#2450 = VECTOR('',#2451,1.);
#2451 = DIRECTION('',(0.,0.,1.));
#2452 = ORIENTED_EDGE('',*,*,#2453,.F.);
#2453 = EDGE_CURVE('',#2430,#2446,#2454,.T.);
#2454 = LINE('',#2455,#2456);
#2455 = CARTESIAN_POINT('',(1.5,10.2,108.575));
#2456 = VECTOR('',#2457,1.);
#2457 = DIRECTION('',(-1.,0.,0.));
#2458 = FACE_BOUND('',#2459,.T.);
#2459 = EDGE_LOOP('',(#2460,#2470,#2478,#2486));
#2460 = ORIENTED_EDGE('',*,*,#2461,.F.);
#2461 = EDGE_CURVE('',#2462,#2464,#2466,.T.);
#2462 = VERTEX_POINT('',#2463);
#2463 = CARTESIAN_POINT('',(1.5,10.2,97.925));
#2464 = VERTEX_POINT('',#2465);
#2465 = CARTESIAN_POINT('',(1.5,10.2,87.925));
#2466 = LINE('',#2467,#2468);
#2467 = CARTESIAN_POINT('',(1.5,10.2,97.925));
#2468 = VECTOR('',#2469,1.);
#2469 = DIRECTION('',(0.,0.,-1.));
#2470 = ORIENTED_EDGE('',*,*,#2471,.F.);
#2471 = EDGE_CURVE('',#2472,#2462,#2474,.T.);
#2472 = VERTEX_POINT('',#2473);
#2473 = CARTESIAN_POINT('',(-1.5,10.2,97.925));
#2474 = LINE('',#2475,#2476);
#2475 = CARTESIAN_POINT('',(-1.5,10.2,97.925));
#2476 = VECTOR('',#2477,1.);
#2477 = DIRECTION('',(1.,0.,0.));
#2478 = ORIENTED_EDGE('',*,*,#2479,.F.);
#2479 = EDGE_CURVE('',#2480,#2472,#2482,.T.);
#2480 = VERTEX_POINT('',#2481);
#2481 = CARTESIAN_POINT('',(-1.5,10.2,87.925));
#2482 = LINE('',#2483,#2484);
#2483 = CARTESIAN_POINT('',(-1.5,10.2,87.925));
#2484 = VECTOR('',#2485,1.);
#2485 = DIRECTION('',(0.,0.,1.));
#2486 = ORIENTED_EDGE('',*,*,#2487,.F.);
#2487 = EDGE_CURVE('',#2464,#2480,#2488,.T.);
#2488 = LINE('',#2489,#2490);
#2489 = CARTESIAN_POINT('',(1.5,10.2,87.925));
#2490 = VECTOR('',#2491,1.);
#2491 = DIRECTION('',(-1.,0.,0.));
#2492 = FACE_BOUND('',#2493,.T.);
#2493 = EDGE_LOOP('',(#2494,#2504,#2512,#2520));
#2494 = ORIENTED_EDGE('',*,*,#2495,.F.);
#2495 = EDGE_CURVE('',#2496,#2498,#2500,.T.);
#2496 = VERTEX_POINT('',#2497);
#2497 = CARTESIAN_POINT('',(1.5,10.2,77.275));
#2498 = VERTEX_POINT('',#2499);
#2499 = CARTESIAN_POINT('',(1.5,10.2,67.275));
#2500 = LINE('',#2501,#2502);
#2501 = CARTESIAN_POINT('',(1.5,10.2,77.275));
#2502 = VECTOR('',#2503,1.);
#2503 = DIRECTION('',(0.,0.,-1.));
#2504 = ORIENTED_EDGE('',*,*,#2505,.F.);
#2505 = EDGE_CURVE('',#2506,#2496,#2508,.T.);
#2506 = VERTEX_POINT('',#2507);
#2507 = CARTESIAN_POINT('',(-1.5,10.2,77.275));
#2508 = LINE('',#2509,#2510);
#2509 = CARTESIAN_POINT('',(-1.5,10.2,77.275));
#2510 = VECTOR('',#2511,1.);
#2511 = DIRECTION('',(1.,0.,0.));
#2512 = ORIENTED_EDGE('',*,*,#2513,.F.);
#2513 = EDGE_CURVE('',#2514,#2506,#2516,.T.);
#2514 = VERTEX_POINT('',#2515);
#2515 = CARTESIAN_POINT('',(-1.5,10.2,67.275));
#2516 = LINE('',#2517,#2518);
#2517 = CARTESIAN_POINT('',(-1.5,10.2,67.275));
#2518 = VECTOR('',#2519,1.);
#2519 = DIRECTION('',(0.,0.,1.));
#2520 = ORIENTED_EDGE('',*,*,#2521,.F.);
#2521 = EDGE_CURVE('',#2498,#2514,#2522,.T.);
#2522 = LINE('',#2523,#2524);
#2523 = CARTESIAN_POINT('',(1.5,10.2,67.275));
#2524 = VECTOR('',#2525,1.);
#2525 = DIRECTION('',(-1.,0.,0.));
#2526 = FACE_BOUND('',#2527,.T.);
#2527 = EDGE_LOOP('',(#2528,#2538,#2546,#2554));
#2528 = ORIENTED_EDGE('',*,*,#2529,.F.);
#2529 = EDGE_CURVE('',#2530,#2532,#2534,.T.);
#2530 = VERTEX_POINT('',#2531);
#2531 = CARTESIAN_POINT('',(1.5,10.2,56.625));
#2532 = VERTEX_POINT('',#2533);
#2533 = CARTESIAN_POINT('',(1.5,10.2,46.625));
#2534 = LINE('',#2535,#2536);
#2535 = CARTESIAN_POINT('',(1.5,10.2,56.625));
#2536 = VECTOR('',#2537,1.);
#2537 = DIRECTION('',(0.,0.,-1.));
#2538 = ORIENTED_EDGE('',*,*,#2539,.F.);
#2539 = EDGE_CURVE('',#2540,#2530,#2542,.T.);
#2540 = VERTEX_POINT('',#2541);
#2541 = CARTESIAN_POINT('',(-1.5,10.2,56.625));
#2542 = LINE('',#2543,#2544);
#2543 = CARTESIAN_POINT('',(-1.5,10.2,56.625));
#2544 = VECTOR('',#2545,1.);
#2545 = DIRECTION('',(1.,0.,0.));
#2546 = ORIENTED_EDGE('',*,*,#2547,.F.);
#2547 = EDGE_CURVE('',#2548,#2540,#2550,.T.);
#2548 = VERTEX_POINT('',#2549);
#2549 = CARTESIAN_POINT('',(-1.5,10.2,46.625));
#2550 = LINE('',#2551,#2552);
#2551 = CARTESIAN_POINT('',(-1.5,10.2,46.625));
#2552 = VECTOR('',#2553,1.);
#2553 = DIRECTION('',(0.,0.,1.));
#2554 = ORIENTED_EDGE('',*,*,#2555,.F.);
#2555 = EDGE_CURVE('',#2532,#2548,#2556,.T.);
#2556 = LINE('',#2557,#2558);
#2557 = CARTESIAN_POINT('',(1.5,10.2,46.625));
#2558 = VECTOR('',#2559,1.);
#2559 = DIRECTION('',(-1.,0.,0.));
#2560 = FACE_BOUND('',#2561,.T.);
#2561 = EDGE_LOOP('',(#2562,#2572,#2580,#2588));
#2562 = ORIENTED_EDGE('',*,*,#2563,.F.);
#2563 = EDGE_CURVE('',#2564,#2566,#2568,.T.);
#2564 = VERTEX_POINT('',#2565);
#2565 = CARTESIAN_POINT('',(1.5,10.2,35.975));
#2566 = VERTEX_POINT('',#2567);
#2567 = CARTESIAN_POINT('',(1.5,10.2,25.975));
#2568 = LINE('',#2569,#2570);
#2569 = CARTESIAN_POINT('',(1.5,10.2,35.975));
#2570 = VECTOR('',#2571,1.);
#2571 = DIRECTION('',(0.,0.,-1.));
#2572 = ORIENTED_EDGE('',*,*,#2573,.F.);
#2573 = EDGE_CURVE('',#2574,#2564,#2576,.T.);
#2574 = VERTEX_POINT('',#2575);
#2575 = CARTESIAN_POINT('',(-1.5,10.2,35.975));
#2576 = LINE('',#2577,#2578);
#2577 = CARTESIAN_POINT('',(-1.5,10.2,35.975));
#2578 = VECTOR('',#2579,1.);
#2579 = DIRECTION('',(1.,0.,0.));
#2580 = ORIENTED_EDGE('',*,*,#2581,.F.);
#2581 = EDGE_CURVE('',#2582,#2574,#2584,.T.);
#2582 = VERTEX_POINT('',#2583);
#2583 = CARTESIAN_POINT('',(-1.5,10.2,25.975));
#2584 = LINE('',#2585,#2586);
#2585 = CARTESIAN_POINT('',(-1.5,10.2,25.975));
#2586 = VECTOR('',#2587,1.);
#2587 = DIRECTION('',(0.,0.,1.));
#2588 = ORIENTED_EDGE('',*,*,#2589,.F.);
#2589 = EDGE_CURVE('',#2566,#2582,#2590,.T.);
#2590 = LINE('',#2591,#2592);
#2591 = CARTESIAN_POINT('',(1.5,10.2,25.975));
#2592 = VECTOR('',#2593,1.);
#2593 = DIRECTION('',(-1.,0.,0.));
#2594 = FACE_BOUND('',#2595,.T.);
#2595 = EDGE_LOOP('',(#2596,#2597,#2598,#2606));
#2596 = ORIENTED_EDGE('',*,*,#2256,.F.);
#2597 = ORIENTED_EDGE('',*,*,#2287,.F.);
#2598 = ORIENTED_EDGE('',*,*,#2599,.F.);
#2599 = EDGE_CURVE('',#2600,#2271,#2602,.T.);
#2600 = VERTEX_POINT('',#2601);
#2601 = CARTESIAN_POINT('',(-1.5,10.2,5.325));
#2602 = LINE('',#2603,#2604);
#2603 = CARTESIAN_POINT('',(-1.5,10.2,5.325));
#2604 = VECTOR('',#2605,1.);
#2605 = DIRECTION('',(0.,0.,1.));
#2606 = ORIENTED_EDGE('',*,*,#2607,.F.);
#2607 = EDGE_CURVE('',#2249,#2600,#2608,.T.);
#2608 = LINE('',#2609,#2610);
#2609 = CARTESIAN_POINT('',(1.5,10.2,5.325));
#2610 = VECTOR('',#2611,1.);
#2611 = DIRECTION('',(-1.,0.,0.));
#2612 = PLANE('',#2613);
#2613 = AXIS2_PLACEMENT_3D('',#2614,#2615,#2616);
#2614 = CARTESIAN_POINT('',(-8.,10.2,0.));
#2615 = DIRECTION('',(0.,1.,0.));
#2616 = DIRECTION('',(1.,0.,0.));
#2617 = ADVANCED_FACE('',(#2618),#2636,.T.);
#2618 = FACE_BOUND('',#2619,.T.);
#2619 = EDGE_LOOP('',(#2620,#2621,#2629,#2635));
#2620 = ORIENTED_EDGE('',*,*,#2232,.T.);
#2621 = ORIENTED_EDGE('',*,*,#2622,.T.);
#2622 = EDGE_CURVE('',#2233,#2623,#2625,.T.);
#2623 = VERTEX_POINT('',#2624);
#2624 = CARTESIAN_POINT('',(-1.5,12.2,7.305));
#2625 = LINE('',#2626,#2627);
#2626 = CARTESIAN_POINT('',(1.5,12.2,7.305));
#2627 = VECTOR('',#2628,1.);
#2628 = DIRECTION('',(-1.,0.,0.));
#2629 = ORIENTED_EDGE('',*,*,#2630,.T.);
#2630 = EDGE_CURVE('',#2623,#2302,#2631,.T.);
#2631 = LINE('',#2632,#2633);
#2632 = CARTESIAN_POINT('',(-1.5,12.2,5.325));
#2633 = VECTOR('',#2634,1.);
#2634 = DIRECTION('',(0.,0.,1.));
#2635 = ORIENTED_EDGE('',*,*,#2311,.T.);
#2636 = PLANE('',#2637);
#2637 = AXIS2_PLACEMENT_3D('',#2638,#2639,#2640);
#2638 = CARTESIAN_POINT('',(0.,12.2,10.325));
#2639 = DIRECTION('',(0.,1.,0.));
#2640 = DIRECTION('',(0.,0.,1.));
#2641 = ADVANCED_FACE('',(#2642),#2660,.F.);
#2642 = FACE_BOUND('',#2643,.F.);
#2643 = EDGE_LOOP('',(#2644,#2645,#2653,#2659));
#2644 = ORIENTED_EDGE('',*,*,#2248,.T.);
#2645 = ORIENTED_EDGE('',*,*,#2646,.T.);
#2646 = EDGE_CURVE('',#2241,#2647,#2649,.T.);
#2647 = VERTEX_POINT('',#2648);
#2648 = CARTESIAN_POINT('',(-1.5,10.22,5.325));
#2649 = LINE('',#2650,#2651);
#2650 = CARTESIAN_POINT('',(1.5,10.22,5.325));
#2651 = VECTOR('',#2652,1.);
#2652 = DIRECTION('',(-1.,0.,0.));
#2653 = ORIENTED_EDGE('',*,*,#2654,.F.);
#2654 = EDGE_CURVE('',#2600,#2647,#2655,.T.);
#2655 = LINE('',#2656,#2657);
#2656 = CARTESIAN_POINT('',(-1.5,10.2,5.325));
#2657 = VECTOR('',#2658,1.);
#2658 = DIRECTION('',(0.,1.,-2.2E-16));
#2659 = ORIENTED_EDGE('',*,*,#2607,.F.);
#2660 = PLANE('',#2661);
#2661 = AXIS2_PLACEMENT_3D('',#2662,#2663,#2664);
#2662 = CARTESIAN_POINT('',(1.5,10.2,5.325));
#2663 = DIRECTION('',(0.,2.2E-16,1.));
#2664 = DIRECTION('',(-1.,0.,0.));
#2665 = ADVANCED_FACE('',(#2666),#2677,.F.);
#2666 = FACE_BOUND('',#2667,.T.);
#2667 = EDGE_LOOP('',(#2668,#2669,#2670,#2676));
#2668 = ORIENTED_EDGE('',*,*,#2240,.F.);
#2669 = ORIENTED_EDGE('',*,*,#2646,.T.);
#2670 = ORIENTED_EDGE('',*,*,#2671,.T.);
#2671 = EDGE_CURVE('',#2647,#2623,#2672,.T.);
#2672 = LINE('',#2673,#2674);
#2673 = CARTESIAN_POINT('',(-1.5,10.71,5.815));
#2674 = VECTOR('',#2675,1.);
#2675 = DIRECTION('',(0.,0.707106781187,0.707106781187));
#2676 = ORIENTED_EDGE('',*,*,#2622,.F.);
#2677 = PLANE('',#2678);
#2678 = AXIS2_PLACEMENT_3D('',#2679,#2680,#2681);
#2679 = CARTESIAN_POINT('',(1.5,11.21,6.315));
#2680 = DIRECTION('',(0.,-0.707106781187,0.707106781187));
#2681 = DIRECTION('',(1.,0.,0.));
#2682 = ADVANCED_FACE('',(#2683),#2691,.F.);
#2683 = FACE_BOUND('',#2684,.F.);
#2684 = EDGE_LOOP('',(#2685,#2686,#2687,#2688,#2689,#2690));
#2685 = ORIENTED_EDGE('',*,*,#2654,.T.);
#2686 = ORIENTED_EDGE('',*,*,#2671,.T.);
#2687 = ORIENTED_EDGE('',*,*,#2630,.T.);
#2688 = ORIENTED_EDGE('',*,*,#2301,.F.);
#2689 = ORIENTED_EDGE('',*,*,#2270,.F.);
#2690 = ORIENTED_EDGE('',*,*,#2599,.F.);
#2691 = PLANE('',#2692);
#2692 = AXIS2_PLACEMENT_3D('',#2693,#2694,#2695);
#2693 = CARTESIAN_POINT('',(-1.5,10.2,5.325));
#2694 = DIRECTION('',(1.,0.,0.));
#2695 = DIRECTION('',(0.,2.2E-16,1.));
#2696 = ADVANCED_FACE('',(#2697),#2826,.F.);
#2697 = FACE_BOUND('',#2698,.F.);
#2698 = EDGE_LOOP('',(#2699,#2710,#2718,#2727,#2735,#2744,#2752,#2761,
    #2769,#2776,#2777,#2786,#2794,#2803,#2811,#2820));
#2699 = ORIENTED_EDGE('',*,*,#2700,.T.);
#2700 = EDGE_CURVE('',#2701,#2703,#2705,.T.);
#2701 = VERTEX_POINT('',#2702);
#2702 = CARTESIAN_POINT('',(-3.311522368918,4.442893218815,0.));
#2703 = VERTEX_POINT('',#2704);
#2704 = CARTESIAN_POINT('',(-2.60441558773,4.15,0.));
#2705 = CIRCLE('',#2706,1.);
#2706 = AXIS2_PLACEMENT_3D('',#2707,#2708,#2709);
#2707 = CARTESIAN_POINT('',(-2.60441558773,5.15,0.));
#2708 = DIRECTION('',(0.,-0.,1.));
#2709 = DIRECTION('',(0.,1.,0.));
#2710 = ORIENTED_EDGE('',*,*,#2711,.T.);
#2711 = EDGE_CURVE('',#2703,#2712,#2714,.T.);
#2712 = VERTEX_POINT('',#2713);
#2713 = CARTESIAN_POINT('',(2.60441558773,4.15,0.));
#2714 = LINE('',#2715,#2716);
#2715 = CARTESIAN_POINT('',(0.,4.15,0.));
#2716 = VECTOR('',#2717,1.);
#2717 = DIRECTION('',(1.,0.,0.));
#2718 = ORIENTED_EDGE('',*,*,#2719,.T.);
#2719 = EDGE_CURVE('',#2712,#2720,#2722,.T.);
#2720 = VERTEX_POINT('',#2721);
#2721 = CARTESIAN_POINT('',(3.311522368918,4.442893218815,0.));
#2722 = CIRCLE('',#2723,1.);
#2723 = AXIS2_PLACEMENT_3D('',#2724,#2725,#2726);
#2724 = CARTESIAN_POINT('',(2.60441558773,5.15,0.));
#2725 = DIRECTION('',(0.,0.,1.));
#2726 = DIRECTION('',(1.,0.,0.));
#2727 = ORIENTED_EDGE('',*,*,#2728,.T.);
#2728 = EDGE_CURVE('',#2720,#2729,#2731,.T.);
#2729 = VERTEX_POINT('',#2730);
#2730 = CARTESIAN_POINT('',(5.461522368924,6.592893218814,0.));
#2731 = LINE('',#2732,#2733);
#2732 = CARTESIAN_POINT('',(3.311522368918,4.442893218815,0.));
#2733 = VECTOR('',#2734,1.);
#2734 = DIRECTION('',(0.707106781188,0.707106781185,0.));
#2735 = ORIENTED_EDGE('',*,*,#2736,.T.);
#2736 = EDGE_CURVE('',#2729,#2737,#2739,.T.);
#2737 = VERTEX_POINT('',#2738);
#2738 = CARTESIAN_POINT('',(4.754415587736,8.3,0.));
#2739 = CIRCLE('',#2740,1.);
#2740 = AXIS2_PLACEMENT_3D('',#2741,#2742,#2743);
#2741 = CARTESIAN_POINT('',(4.754415587736,7.3,0.));
#2742 = DIRECTION('',(0.,0.,1.));
#2743 = DIRECTION('',(1.,0.,0.));
#2744 = ORIENTED_EDGE('',*,*,#2745,.T.);
#2745 = EDGE_CURVE('',#2737,#2746,#2748,.T.);
#2746 = VERTEX_POINT('',#2747);
#2747 = CARTESIAN_POINT('',(3.425,8.3,0.));
#2748 = LINE('',#2749,#2750);
#2749 = CARTESIAN_POINT('',(4.754415587736,8.3,0.));
#2750 = VECTOR('',#2751,1.);
#2751 = DIRECTION('',(-1.,0.,0.));
#2752 = ORIENTED_EDGE('',*,*,#2753,.F.);
#2753 = EDGE_CURVE('',#2754,#2746,#2756,.T.);
#2754 = VERTEX_POINT('',#2755);
#2755 = CARTESIAN_POINT('',(2.925,8.8,0.));
#2756 = CIRCLE('',#2757,0.5);
#2757 = AXIS2_PLACEMENT_3D('',#2758,#2759,#2760);
#2758 = CARTESIAN_POINT('',(3.425,8.8,0.));
#2759 = DIRECTION('',(0.,0.,1.));
#2760 = DIRECTION('',(1.,0.,0.));
#2761 = ORIENTED_EDGE('',*,*,#2762,.T.);
#2762 = EDGE_CURVE('',#2754,#2763,#2765,.T.);
#2763 = VERTEX_POINT('',#2764);
#2764 = CARTESIAN_POINT('',(2.925,9.7,0.));
#2765 = LINE('',#2766,#2767);
#2766 = CARTESIAN_POINT('',(2.925,8.8,0.));
#2767 = VECTOR('',#2768,1.);
#2768 = DIRECTION('',(0.,1.,0.));
#2769 = ORIENTED_EDGE('',*,*,#2770,.F.);
#2770 = EDGE_CURVE('',#2328,#2763,#2771,.T.);
#2771 = CIRCLE('',#2772,0.5);
#2772 = AXIS2_PLACEMENT_3D('',#2773,#2774,#2775);
#2773 = CARTESIAN_POINT('',(3.425,9.7,0.));
#2774 = DIRECTION('',(0.,0.,1.));
#2775 = DIRECTION('',(1.,0.,0.));
#2776 = ORIENTED_EDGE('',*,*,#2325,.F.);
#2777 = ORIENTED_EDGE('',*,*,#2778,.F.);
#2778 = EDGE_CURVE('',#2779,#2326,#2781,.T.);
#2779 = VERTEX_POINT('',#2780);
#2780 = CARTESIAN_POINT('',(-2.925,9.7,0.));
#2781 = CIRCLE('',#2782,0.5);
#2782 = AXIS2_PLACEMENT_3D('',#2783,#2784,#2785);
#2783 = CARTESIAN_POINT('',(-3.425,9.7,0.));
#2784 = DIRECTION('',(0.,-0.,1.));
#2785 = DIRECTION('',(0.,1.,0.));
#2786 = ORIENTED_EDGE('',*,*,#2787,.T.);
#2787 = EDGE_CURVE('',#2779,#2788,#2790,.T.);
#2788 = VERTEX_POINT('',#2789);
#2789 = CARTESIAN_POINT('',(-2.925,8.8,0.));
#2790 = LINE('',#2791,#2792);
#2791 = CARTESIAN_POINT('',(-2.925,9.7,0.));
#2792 = VECTOR('',#2793,1.);
#2793 = DIRECTION('',(0.,-1.,0.));
#2794 = ORIENTED_EDGE('',*,*,#2795,.F.);
#2795 = EDGE_CURVE('',#2796,#2788,#2798,.T.);
#2796 = VERTEX_POINT('',#2797);
#2797 = CARTESIAN_POINT('',(-3.425,8.3,0.));
#2798 = CIRCLE('',#2799,0.5);
#2799 = AXIS2_PLACEMENT_3D('',#2800,#2801,#2802);
#2800 = CARTESIAN_POINT('',(-3.425,8.8,0.));
#2801 = DIRECTION('',(0.,-0.,1.));
#2802 = DIRECTION('',(0.,1.,0.));
#2803 = ORIENTED_EDGE('',*,*,#2804,.T.);
#2804 = EDGE_CURVE('',#2796,#2805,#2807,.T.);
#2805 = VERTEX_POINT('',#2806);
#2806 = CARTESIAN_POINT('',(-4.754415587736,8.3,0.));
#2807 = LINE('',#2808,#2809);
#2808 = CARTESIAN_POINT('',(-3.425,8.3,0.));
#2809 = VECTOR('',#2810,1.);
#2810 = DIRECTION('',(-1.,0.,0.));
#2811 = ORIENTED_EDGE('',*,*,#2812,.T.);
#2812 = EDGE_CURVE('',#2805,#2813,#2815,.T.);
#2813 = VERTEX_POINT('',#2814);
#2814 = CARTESIAN_POINT('',(-5.461522368924,6.592893218814,0.));
#2815 = CIRCLE('',#2816,1.);
#2816 = AXIS2_PLACEMENT_3D('',#2817,#2818,#2819);
#2817 = CARTESIAN_POINT('',(-4.754415587736,7.3,0.));
#2818 = DIRECTION('',(0.,-0.,1.));
#2819 = DIRECTION('',(0.,1.,0.));
#2820 = ORIENTED_EDGE('',*,*,#2821,.T.);
#2821 = EDGE_CURVE('',#2813,#2701,#2822,.T.);
#2822 = LINE('',#2823,#2824);
#2823 = CARTESIAN_POINT('',(-5.461522368924,6.592893218814,0.));
#2824 = VECTOR('',#2825,1.);
#2825 = DIRECTION('',(0.707106781188,-0.707106781185,0.));
#2826 = PLANE('',#2827);
#2827 = AXIS2_PLACEMENT_3D('',#2828,#2829,#2830);
#2828 = CARTESIAN_POINT('',(4.E-17,7.499156108624,0.));
#2829 = DIRECTION('',(0.,0.,1.));
#2830 = DIRECTION('',(1.,0.,0.));
#2831 = ADVANCED_FACE('',(#2832),#2851,.F.);
#2832 = FACE_BOUND('',#2833,.T.);
#2833 = EDGE_LOOP('',(#2834,#2835,#2844,#2850));
#2834 = ORIENTED_EDGE('',*,*,#2351,.T.);
#2835 = ORIENTED_EDGE('',*,*,#2836,.T.);
#2836 = EDGE_CURVE('',#2344,#2837,#2839,.T.);
#2837 = VERTEX_POINT('',#2838);
#2838 = CARTESIAN_POINT('',(2.925,9.7,165.2));
#2839 = CIRCLE('',#2840,0.5);
#2840 = AXIS2_PLACEMENT_3D('',#2841,#2842,#2843);
#2841 = CARTESIAN_POINT('',(3.425,9.7,165.2));
#2842 = DIRECTION('',(0.,0.,1.));
#2843 = DIRECTION('',(1.,0.,0.));
#2844 = ORIENTED_EDGE('',*,*,#2845,.F.);
#2845 = EDGE_CURVE('',#2763,#2837,#2846,.T.);
#2846 = LINE('',#2847,#2848);
#2847 = CARTESIAN_POINT('',(2.925,9.7,0.));
#2848 = VECTOR('',#2849,1.);
#2849 = DIRECTION('',(0.,0.,1.));
#2850 = ORIENTED_EDGE('',*,*,#2770,.F.);
#2851 = CYLINDRICAL_SURFACE('',#2852,0.5);
#2852 = AXIS2_PLACEMENT_3D('',#2853,#2854,#2855);
#2853 = CARTESIAN_POINT('',(3.425,9.7,0.));
#2854 = DIRECTION('',(-0.,-0.,-1.));
#2855 = DIRECTION('',(1.,0.,0.));
#2856 = ADVANCED_FACE('',(#2857),#2978,.T.);
#2857 = FACE_BOUND('',#2858,.T.);
#2858 = EDGE_LOOP('',(#2859,#2869,#2878,#2886,#2895,#2903,#2912,#2918,
    #2919,#2920,#2929,#2937,#2946,#2954,#2963,#2971));
#2859 = ORIENTED_EDGE('',*,*,#2860,.T.);
#2860 = EDGE_CURVE('',#2861,#2863,#2865,.T.);
#2861 = VERTEX_POINT('',#2862);
#2862 = CARTESIAN_POINT('',(-2.60441558773,4.15,165.2));
#2863 = VERTEX_POINT('',#2864);
#2864 = CARTESIAN_POINT('',(2.60441558773,4.15,165.2));
#2865 = LINE('',#2866,#2867);
#2866 = CARTESIAN_POINT('',(-2.60441558773,4.15,165.2));
#2867 = VECTOR('',#2868,1.);
#2868 = DIRECTION('',(1.,2.2E-16,0.));
#2869 = ORIENTED_EDGE('',*,*,#2870,.T.);
#2870 = EDGE_CURVE('',#2863,#2871,#2873,.T.);
#2871 = VERTEX_POINT('',#2872);
#2872 = CARTESIAN_POINT('',(3.311522368918,4.442893218815,165.2));
#2873 = CIRCLE('',#2874,1.);
#2874 = AXIS2_PLACEMENT_3D('',#2875,#2876,#2877);
#2875 = CARTESIAN_POINT('',(2.60441558773,5.15,165.2));
#2876 = DIRECTION('',(0.,0.,1.));
#2877 = DIRECTION('',(1.,0.,0.));
#2878 = ORIENTED_EDGE('',*,*,#2879,.T.);
#2879 = EDGE_CURVE('',#2871,#2880,#2882,.T.);
#2880 = VERTEX_POINT('',#2881);
#2881 = CARTESIAN_POINT('',(5.461522368924,6.592893218814,165.2));
#2882 = LINE('',#2883,#2884);
#2883 = CARTESIAN_POINT('',(3.311522368918,4.442893218815,165.2));
#2884 = VECTOR('',#2885,1.);
#2885 = DIRECTION('',(0.707106781188,0.707106781185,0.));
#2886 = ORIENTED_EDGE('',*,*,#2887,.T.);
#2887 = EDGE_CURVE('',#2880,#2888,#2890,.T.);
#2888 = VERTEX_POINT('',#2889);
#2889 = CARTESIAN_POINT('',(4.754415587736,8.3,165.2));
#2890 = CIRCLE('',#2891,1.);
#2891 = AXIS2_PLACEMENT_3D('',#2892,#2893,#2894);
#2892 = CARTESIAN_POINT('',(4.754415587736,7.3,165.2));
#2893 = DIRECTION('',(0.,0.,1.));
#2894 = DIRECTION('',(1.,0.,0.));
#2895 = ORIENTED_EDGE('',*,*,#2896,.T.);
#2896 = EDGE_CURVE('',#2888,#2897,#2899,.T.);
#2897 = VERTEX_POINT('',#2898);
#2898 = CARTESIAN_POINT('',(3.425,8.3,165.2));
#2899 = LINE('',#2900,#2901);
#2900 = CARTESIAN_POINT('',(4.754415587736,8.3,165.2));
#2901 = VECTOR('',#2902,1.);
#2902 = DIRECTION('',(-1.,0.,0.));
#2903 = ORIENTED_EDGE('',*,*,#2904,.F.);
#2904 = EDGE_CURVE('',#2905,#2897,#2907,.T.);
#2905 = VERTEX_POINT('',#2906);
#2906 = CARTESIAN_POINT('',(2.925,8.8,165.2));
#2907 = CIRCLE('',#2908,0.5);
#2908 = AXIS2_PLACEMENT_3D('',#2909,#2910,#2911);
#2909 = CARTESIAN_POINT('',(3.425,8.8,165.2));
#2910 = DIRECTION('',(0.,0.,1.));
#2911 = DIRECTION('',(1.,0.,0.));
#2912 = ORIENTED_EDGE('',*,*,#2913,.T.);
#2913 = EDGE_CURVE('',#2905,#2837,#2914,.T.);
#2914 = LINE('',#2915,#2916);
#2915 = CARTESIAN_POINT('',(2.925,8.8,165.2));
#2916 = VECTOR('',#2917,1.);
#2917 = DIRECTION('',(0.,1.,0.));
#2918 = ORIENTED_EDGE('',*,*,#2836,.F.);
#2919 = ORIENTED_EDGE('',*,*,#2343,.F.);
#2920 = ORIENTED_EDGE('',*,*,#2921,.F.);
#2921 = EDGE_CURVE('',#2922,#2336,#2924,.T.);
#2922 = VERTEX_POINT('',#2923);
#2923 = CARTESIAN_POINT('',(-2.925,9.7,165.2));
#2924 = CIRCLE('',#2925,0.5);
#2925 = AXIS2_PLACEMENT_3D('',#2926,#2927,#2928);
#2926 = CARTESIAN_POINT('',(-3.425,9.7,165.2));
#2927 = DIRECTION('',(0.,-0.,1.));
#2928 = DIRECTION('',(0.,1.,0.));
#2929 = ORIENTED_EDGE('',*,*,#2930,.T.);
#2930 = EDGE_CURVE('',#2922,#2931,#2933,.T.);
#2931 = VERTEX_POINT('',#2932);
#2932 = CARTESIAN_POINT('',(-2.925,8.8,165.2));
#2933 = LINE('',#2934,#2935);
#2934 = CARTESIAN_POINT('',(-2.925,9.7,165.2));
#2935 = VECTOR('',#2936,1.);
#2936 = DIRECTION('',(0.,-1.,0.));
#2937 = ORIENTED_EDGE('',*,*,#2938,.F.);
#2938 = EDGE_CURVE('',#2939,#2931,#2941,.T.);
#2939 = VERTEX_POINT('',#2940);
#2940 = CARTESIAN_POINT('',(-3.425,8.3,165.2));
#2941 = CIRCLE('',#2942,0.5);
#2942 = AXIS2_PLACEMENT_3D('',#2943,#2944,#2945);
#2943 = CARTESIAN_POINT('',(-3.425,8.8,165.2));
#2944 = DIRECTION('',(0.,-0.,1.));
#2945 = DIRECTION('',(0.,1.,0.));
#2946 = ORIENTED_EDGE('',*,*,#2947,.T.);
#2947 = EDGE_CURVE('',#2939,#2948,#2950,.T.);
#2948 = VERTEX_POINT('',#2949);
#2949 = CARTESIAN_POINT('',(-4.754415587736,8.3,165.2));
#2950 = LINE('',#2951,#2952);
#2951 = CARTESIAN_POINT('',(-3.425,8.3,165.2));
#2952 = VECTOR('',#2953,1.);
#2953 = DIRECTION('',(-1.,0.,0.));
#2954 = ORIENTED_EDGE('',*,*,#2955,.T.);
#2955 = EDGE_CURVE('',#2948,#2956,#2958,.T.);
#2956 = VERTEX_POINT('',#2957);
#2957 = CARTESIAN_POINT('',(-5.461522368924,6.592893218814,165.2));
#2958 = CIRCLE('',#2959,1.);
#2959 = AXIS2_PLACEMENT_3D('',#2960,#2961,#2962);
#2960 = CARTESIAN_POINT('',(-4.754415587736,7.3,165.2));
#2961 = DIRECTION('',(0.,-0.,1.));
#2962 = DIRECTION('',(0.,1.,0.));
#2963 = ORIENTED_EDGE('',*,*,#2964,.T.);
#2964 = EDGE_CURVE('',#2956,#2965,#2967,.T.);
#2965 = VERTEX_POINT('',#2966);
#2966 = CARTESIAN_POINT('',(-3.311522368918,4.442893218815,165.2));
#2967 = LINE('',#2968,#2969);
#2968 = CARTESIAN_POINT('',(-5.461522368924,6.592893218814,165.2));
#2969 = VECTOR('',#2970,1.);
#2970 = DIRECTION('',(0.707106781188,-0.707106781185,0.));
#2971 = ORIENTED_EDGE('',*,*,#2972,.T.);
#2972 = EDGE_CURVE('',#2965,#2861,#2973,.T.);
#2973 = CIRCLE('',#2974,1.);
#2974 = AXIS2_PLACEMENT_3D('',#2975,#2976,#2977);
#2975 = CARTESIAN_POINT('',(-2.60441558773,5.15,165.2));
#2976 = DIRECTION('',(0.,-0.,1.));
#2977 = DIRECTION('',(0.,1.,0.));
#2978 = PLANE('',#2979);
#2979 = AXIS2_PLACEMENT_3D('',#2980,#2981,#2982);
#2980 = CARTESIAN_POINT('',(4.E-17,7.499156108624,165.2));
#2981 = DIRECTION('',(0.,0.,1.));
#2982 = DIRECTION('',(1.,0.,0.));
#2983 = ADVANCED_FACE('',(#2984),#2995,.F.);
#2984 = FACE_BOUND('',#2985,.T.);
#2985 = EDGE_LOOP('',(#2986,#2992,#2993,#2994));
#2986 = ORIENTED_EDGE('',*,*,#2987,.T.);
#2987 = EDGE_CURVE('',#2779,#2922,#2988,.T.);
#2988 = LINE('',#2989,#2990);
#2989 = CARTESIAN_POINT('',(-2.925,9.7,0.));
#2990 = VECTOR('',#2991,1.);
#2991 = DIRECTION('',(0.,0.,1.));
#2992 = ORIENTED_EDGE('',*,*,#2921,.T.);
#2993 = ORIENTED_EDGE('',*,*,#2335,.F.);
#2994 = ORIENTED_EDGE('',*,*,#2778,.F.);
#2995 = CYLINDRICAL_SURFACE('',#2996,0.5);
#2996 = AXIS2_PLACEMENT_3D('',#2997,#2998,#2999);
#2997 = CARTESIAN_POINT('',(-3.425,9.7,0.));
#2998 = DIRECTION('',(-0.,-0.,-1.));
#2999 = DIRECTION('',(-2.2E-16,1.,0.));
#3000 = ADVANCED_FACE('',(#3001),#3042,.F.);
#3001 = FACE_BOUND('',#3002,.F.);
#3002 = EDGE_LOOP('',(#3003,#3004,#3012,#3020,#3028,#3036));
#3003 = ORIENTED_EDGE('',*,*,#2359,.F.);
#3004 = ORIENTED_EDGE('',*,*,#3005,.T.);
#3005 = EDGE_CURVE('',#2360,#3006,#3008,.T.);
#3006 = VERTEX_POINT('',#3007);
#3007 = CARTESIAN_POINT('',(1.5,10.22,159.875));
#3008 = LINE('',#3009,#3010);
#3009 = CARTESIAN_POINT('',(1.5,10.2,159.875));
#3010 = VECTOR('',#3011,1.);
#3011 = DIRECTION('',(0.,1.,-2.2E-16));
#3012 = ORIENTED_EDGE('',*,*,#3013,.T.);
#3013 = EDGE_CURVE('',#3006,#3014,#3016,.T.);
#3014 = VERTEX_POINT('',#3015);
#3015 = CARTESIAN_POINT('',(1.5,12.2,157.895));
#3016 = LINE('',#3017,#3018);
#3017 = CARTESIAN_POINT('',(1.5,10.71,159.385));
#3018 = VECTOR('',#3019,1.);
#3019 = DIRECTION('',(0.,0.707106781187,-0.707106781187));
#3020 = ORIENTED_EDGE('',*,*,#3021,.T.);
#3021 = EDGE_CURVE('',#3014,#3022,#3024,.T.);
#3022 = VERTEX_POINT('',#3023);
#3023 = CARTESIAN_POINT('',(1.5,12.2,151.855));
#3024 = LINE('',#3025,#3026);
#3025 = CARTESIAN_POINT('',(1.5,12.2,159.875));
#3026 = VECTOR('',#3027,1.);
#3027 = DIRECTION('',(0.,0.,-1.));
#3028 = ORIENTED_EDGE('',*,*,#3029,.F.);
#3029 = EDGE_CURVE('',#3030,#3022,#3032,.T.);
#3030 = VERTEX_POINT('',#3031);
#3031 = CARTESIAN_POINT('',(1.5,10.22,149.875));
#3032 = LINE('',#3033,#3034);
#3033 = CARTESIAN_POINT('',(1.5,13.21,152.865));
#3034 = VECTOR('',#3035,1.);
#3035 = DIRECTION('',(0.,0.707106781187,0.707106781187));
#3036 = ORIENTED_EDGE('',*,*,#3037,.F.);
#3037 = EDGE_CURVE('',#2362,#3030,#3038,.T.);
#3038 = LINE('',#3039,#3040);
#3039 = CARTESIAN_POINT('',(1.5,10.2,149.875));
#3040 = VECTOR('',#3041,1.);
#3041 = DIRECTION('',(0.,1.,-2.2E-16));
#3042 = PLANE('',#3043);
#3043 = AXIS2_PLACEMENT_3D('',#3044,#3045,#3046);
#3044 = CARTESIAN_POINT('',(1.5,10.2,159.875));
#3045 = DIRECTION('',(-1.,0.,0.));
#3046 = DIRECTION('',(-0.,-2.2E-16,-1.));
#3047 = ADVANCED_FACE('',(#3048),#3066,.F.);
#3048 = FACE_BOUND('',#3049,.F.);
#3049 = EDGE_LOOP('',(#3050,#3051,#3059,#3065));
#3050 = ORIENTED_EDGE('',*,*,#2369,.F.);
#3051 = ORIENTED_EDGE('',*,*,#3052,.T.);
#3052 = EDGE_CURVE('',#2370,#3053,#3055,.T.);
#3053 = VERTEX_POINT('',#3054);
#3054 = CARTESIAN_POINT('',(-1.5,10.22,159.875));
#3055 = LINE('',#3056,#3057);
#3056 = CARTESIAN_POINT('',(-1.5,10.2,159.875));
#3057 = VECTOR('',#3058,1.);
#3058 = DIRECTION('',(0.,1.,-2.2E-16));
#3059 = ORIENTED_EDGE('',*,*,#3060,.T.);
#3060 = EDGE_CURVE('',#3053,#3006,#3061,.T.);
#3061 = LINE('',#3062,#3063);
#3062 = CARTESIAN_POINT('',(-1.5,10.22,159.875));
#3063 = VECTOR('',#3064,1.);
#3064 = DIRECTION('',(1.,0.,0.));
#3065 = ORIENTED_EDGE('',*,*,#3005,.F.);
#3066 = PLANE('',#3067);
#3067 = AXIS2_PLACEMENT_3D('',#3068,#3069,#3070);
#3068 = CARTESIAN_POINT('',(-1.5,10.2,159.875));
#3069 = DIRECTION('',(0.,-2.2E-16,-1.));
#3070 = DIRECTION('',(1.,0.,0.));
#3071 = ADVANCED_FACE('',(#3072),#3090,.F.);
#3072 = FACE_BOUND('',#3073,.F.);
#3073 = EDGE_LOOP('',(#3074,#3075,#3076,#3084));
#3074 = ORIENTED_EDGE('',*,*,#2385,.F.);
#3075 = ORIENTED_EDGE('',*,*,#3037,.T.);
#3076 = ORIENTED_EDGE('',*,*,#3077,.T.);
#3077 = EDGE_CURVE('',#3030,#3078,#3080,.T.);
#3078 = VERTEX_POINT('',#3079);
#3079 = CARTESIAN_POINT('',(-1.5,10.22,149.875));
#3080 = LINE('',#3081,#3082);
#3081 = CARTESIAN_POINT('',(1.5,10.22,149.875));
#3082 = VECTOR('',#3083,1.);
#3083 = DIRECTION('',(-1.,0.,0.));
#3084 = ORIENTED_EDGE('',*,*,#3085,.F.);
#3085 = EDGE_CURVE('',#2378,#3078,#3086,.T.);
#3086 = LINE('',#3087,#3088);
#3087 = CARTESIAN_POINT('',(-1.5,10.2,149.875));
#3088 = VECTOR('',#3089,1.);
#3089 = DIRECTION('',(0.,1.,-2.2E-16));
#3090 = PLANE('',#3091);
#3091 = AXIS2_PLACEMENT_3D('',#3092,#3093,#3094);
#3092 = CARTESIAN_POINT('',(1.5,10.2,149.875));
#3093 = DIRECTION('',(0.,2.2E-16,1.));
#3094 = DIRECTION('',(-1.,0.,0.));
#3095 = ADVANCED_FACE('',(#3096),#3123,.F.);
#3096 = FACE_BOUND('',#3097,.F.);
#3097 = EDGE_LOOP('',(#3098,#3099,#3100,#3108,#3116,#3122));
#3098 = ORIENTED_EDGE('',*,*,#2377,.F.);
#3099 = ORIENTED_EDGE('',*,*,#3085,.T.);
#3100 = ORIENTED_EDGE('',*,*,#3101,.T.);
#3101 = EDGE_CURVE('',#3078,#3102,#3104,.T.);
#3102 = VERTEX_POINT('',#3103);
#3103 = CARTESIAN_POINT('',(-1.5,12.2,151.855));
#3104 = LINE('',#3105,#3106);
#3105 = CARTESIAN_POINT('',(-1.5,10.71,150.365));
#3106 = VECTOR('',#3107,1.);
#3107 = DIRECTION('',(0.,0.707106781187,0.707106781187));
#3108 = ORIENTED_EDGE('',*,*,#3109,.T.);
#3109 = EDGE_CURVE('',#3102,#3110,#3112,.T.);
#3110 = VERTEX_POINT('',#3111);
#3111 = CARTESIAN_POINT('',(-1.5,12.2,157.895));
#3112 = LINE('',#3113,#3114);
#3113 = CARTESIAN_POINT('',(-1.5,12.2,149.875));
#3114 = VECTOR('',#3115,1.);
#3115 = DIRECTION('',(0.,0.,1.));
#3116 = ORIENTED_EDGE('',*,*,#3117,.F.);
#3117 = EDGE_CURVE('',#3053,#3110,#3118,.T.);
#3118 = LINE('',#3119,#3120);
#3119 = CARTESIAN_POINT('',(-1.5,13.21,156.885));
#3120 = VECTOR('',#3121,1.);
#3121 = DIRECTION('',(0.,0.707106781187,-0.707106781187));
#3122 = ORIENTED_EDGE('',*,*,#3052,.F.);
#3123 = PLANE('',#3124);
#3124 = AXIS2_PLACEMENT_3D('',#3125,#3126,#3127);
#3125 = CARTESIAN_POINT('',(-1.5,10.2,149.875));
#3126 = DIRECTION('',(1.,0.,0.));
#3127 = DIRECTION('',(0.,2.2E-16,1.));
#3128 = ADVANCED_FACE('',(#3129),#3170,.F.);
#3129 = FACE_BOUND('',#3130,.F.);
#3130 = EDGE_LOOP('',(#3131,#3132,#3140,#3148,#3156,#3164));
#3131 = ORIENTED_EDGE('',*,*,#2393,.F.);
#3132 = ORIENTED_EDGE('',*,*,#3133,.T.);
#3133 = EDGE_CURVE('',#2394,#3134,#3136,.T.);
#3134 = VERTEX_POINT('',#3135);
#3135 = CARTESIAN_POINT('',(1.5,10.22,139.225));
#3136 = LINE('',#3137,#3138);
#3137 = CARTESIAN_POINT('',(1.5,10.2,139.225));
#3138 = VECTOR('',#3139,1.);
#3139 = DIRECTION('',(0.,1.,-2.2E-16));
#3140 = ORIENTED_EDGE('',*,*,#3141,.T.);
#3141 = EDGE_CURVE('',#3134,#3142,#3144,.T.);
#3142 = VERTEX_POINT('',#3143);
#3143 = CARTESIAN_POINT('',(1.5,12.2,137.245));
#3144 = LINE('',#3145,#3146);
#3145 = CARTESIAN_POINT('',(1.5,10.71,138.735));
#3146 = VECTOR('',#3147,1.);
#3147 = DIRECTION('',(0.,0.707106781187,-0.707106781187));
#3148 = ORIENTED_EDGE('',*,*,#3149,.T.);
#3149 = EDGE_CURVE('',#3142,#3150,#3152,.T.);
#3150 = VERTEX_POINT('',#3151);
#3151 = CARTESIAN_POINT('',(1.5,12.2,131.205));
#3152 = LINE('',#3153,#3154);
#3153 = CARTESIAN_POINT('',(1.5,12.2,139.225));
#3154 = VECTOR('',#3155,1.);
#3155 = DIRECTION('',(0.,0.,-1.));
#3156 = ORIENTED_EDGE('',*,*,#3157,.F.);
#3157 = EDGE_CURVE('',#3158,#3150,#3160,.T.);
#3158 = VERTEX_POINT('',#3159);
#3159 = CARTESIAN_POINT('',(1.5,10.22,129.225));
#3160 = LINE('',#3161,#3162);
#3161 = CARTESIAN_POINT('',(1.5,13.21,132.215));
#3162 = VECTOR('',#3163,1.);
#3163 = DIRECTION('',(0.,0.707106781187,0.707106781187));
#3164 = ORIENTED_EDGE('',*,*,#3165,.F.);
#3165 = EDGE_CURVE('',#2396,#3158,#3166,.T.);
#3166 = LINE('',#3167,#3168);
#3167 = CARTESIAN_POINT('',(1.5,10.2,129.225));
#3168 = VECTOR('',#3169,1.);
#3169 = DIRECTION('',(0.,1.,-2.2E-16));
#3170 = PLANE('',#3171);
#3171 = AXIS2_PLACEMENT_3D('',#3172,#3173,#3174);
#3172 = CARTESIAN_POINT('',(1.5,10.2,139.225));
#3173 = DIRECTION('',(-1.,0.,0.));
#3174 = DIRECTION('',(-0.,-2.2E-16,-1.));
#3175 = ADVANCED_FACE('',(#3176),#3194,.F.);
#3176 = FACE_BOUND('',#3177,.F.);
#3177 = EDGE_LOOP('',(#3178,#3179,#3187,#3193));
#3178 = ORIENTED_EDGE('',*,*,#2403,.F.);
#3179 = ORIENTED_EDGE('',*,*,#3180,.T.);
#3180 = EDGE_CURVE('',#2404,#3181,#3183,.T.);
#3181 = VERTEX_POINT('',#3182);
#3182 = CARTESIAN_POINT('',(-1.5,10.22,139.225));
#3183 = LINE('',#3184,#3185);
#3184 = CARTESIAN_POINT('',(-1.5,10.2,139.225));
#3185 = VECTOR('',#3186,1.);
#3186 = DIRECTION('',(0.,1.,-2.2E-16));
#3187 = ORIENTED_EDGE('',*,*,#3188,.T.);
#3188 = EDGE_CURVE('',#3181,#3134,#3189,.T.);
#3189 = LINE('',#3190,#3191);
#3190 = CARTESIAN_POINT('',(-1.5,10.22,139.225));
#3191 = VECTOR('',#3192,1.);
#3192 = DIRECTION('',(1.,0.,0.));
#3193 = ORIENTED_EDGE('',*,*,#3133,.F.);
#3194 = PLANE('',#3195);
#3195 = AXIS2_PLACEMENT_3D('',#3196,#3197,#3198);
#3196 = CARTESIAN_POINT('',(-1.5,10.2,139.225));
#3197 = DIRECTION('',(0.,-2.2E-16,-1.));
#3198 = DIRECTION('',(1.,0.,0.));
#3199 = ADVANCED_FACE('',(#3200),#3218,.F.);
#3200 = FACE_BOUND('',#3201,.F.);
#3201 = EDGE_LOOP('',(#3202,#3203,#3204,#3212));
#3202 = ORIENTED_EDGE('',*,*,#2419,.F.);
#3203 = ORIENTED_EDGE('',*,*,#3165,.T.);
#3204 = ORIENTED_EDGE('',*,*,#3205,.T.);
#3205 = EDGE_CURVE('',#3158,#3206,#3208,.T.);
#3206 = VERTEX_POINT('',#3207);
#3207 = CARTESIAN_POINT('',(-1.5,10.22,129.225));
#3208 = LINE('',#3209,#3210);
#3209 = CARTESIAN_POINT('',(1.5,10.22,129.225));
#3210 = VECTOR('',#3211,1.);
#3211 = DIRECTION('',(-1.,0.,0.));
#3212 = ORIENTED_EDGE('',*,*,#3213,.F.);
#3213 = EDGE_CURVE('',#2412,#3206,#3214,.T.);
#3214 = LINE('',#3215,#3216);
#3215 = CARTESIAN_POINT('',(-1.5,10.2,129.225));
#3216 = VECTOR('',#3217,1.);
#3217 = DIRECTION('',(0.,1.,-2.2E-16));
#3218 = PLANE('',#3219);
#3219 = AXIS2_PLACEMENT_3D('',#3220,#3221,#3222);
#3220 = CARTESIAN_POINT('',(1.5,10.2,129.225));
#3221 = DIRECTION('',(0.,2.2E-16,1.));
#3222 = DIRECTION('',(-1.,0.,0.));
#3223 = ADVANCED_FACE('',(#3224),#3251,.F.);
#3224 = FACE_BOUND('',#3225,.F.);
#3225 = EDGE_LOOP('',(#3226,#3227,#3228,#3236,#3244,#3250));
#3226 = ORIENTED_EDGE('',*,*,#2411,.F.);
#3227 = ORIENTED_EDGE('',*,*,#3213,.T.);
#3228 = ORIENTED_EDGE('',*,*,#3229,.T.);
#3229 = EDGE_CURVE('',#3206,#3230,#3232,.T.);
#3230 = VERTEX_POINT('',#3231);
#3231 = CARTESIAN_POINT('',(-1.5,12.2,131.205));
#3232 = LINE('',#3233,#3234);
#3233 = CARTESIAN_POINT('',(-1.5,10.71,129.715));
#3234 = VECTOR('',#3235,1.);
#3235 = DIRECTION('',(0.,0.707106781187,0.707106781187));
#3236 = ORIENTED_EDGE('',*,*,#3237,.T.);
#3237 = EDGE_CURVE('',#3230,#3238,#3240,.T.);
#3238 = VERTEX_POINT('',#3239);
#3239 = CARTESIAN_POINT('',(-1.5,12.2,137.245));
#3240 = LINE('',#3241,#3242);
#3241 = CARTESIAN_POINT('',(-1.5,12.2,129.225));
#3242 = VECTOR('',#3243,1.);
#3243 = DIRECTION('',(0.,0.,1.));
#3244 = ORIENTED_EDGE('',*,*,#3245,.F.);
#3245 = EDGE_CURVE('',#3181,#3238,#3246,.T.);
#3246 = LINE('',#3247,#3248);
#3247 = CARTESIAN_POINT('',(-1.5,13.21,136.235));
#3248 = VECTOR('',#3249,1.);
#3249 = DIRECTION('',(0.,0.707106781187,-0.707106781187));
#3250 = ORIENTED_EDGE('',*,*,#3180,.F.);
#3251 = PLANE('',#3252);
#3252 = AXIS2_PLACEMENT_3D('',#3253,#3254,#3255);
#3253 = CARTESIAN_POINT('',(-1.5,10.2,129.225));
#3254 = DIRECTION('',(1.,0.,0.));
#3255 = DIRECTION('',(0.,2.2E-16,1.));
#3256 = ADVANCED_FACE('',(#3257),#3298,.F.);
#3257 = FACE_BOUND('',#3258,.F.);
#3258 = EDGE_LOOP('',(#3259,#3260,#3268,#3276,#3284,#3292));
#3259 = ORIENTED_EDGE('',*,*,#2427,.F.);
#3260 = ORIENTED_EDGE('',*,*,#3261,.T.);
#3261 = EDGE_CURVE('',#2428,#3262,#3264,.T.);
#3262 = VERTEX_POINT('',#3263);
#3263 = CARTESIAN_POINT('',(1.5,10.22,118.575));
#3264 = LINE('',#3265,#3266);
#3265 = CARTESIAN_POINT('',(1.5,10.2,118.575));
#3266 = VECTOR('',#3267,1.);
#3267 = DIRECTION('',(0.,1.,-2.2E-16));
#3268 = ORIENTED_EDGE('',*,*,#3269,.T.);
#3269 = EDGE_CURVE('',#3262,#3270,#3272,.T.);
#3270 = VERTEX_POINT('',#3271);
#3271 = CARTESIAN_POINT('',(1.5,12.2,116.595));
#3272 = LINE('',#3273,#3274);
#3273 = CARTESIAN_POINT('',(1.5,10.71,118.085));
#3274 = VECTOR('',#3275,1.);
#3275 = DIRECTION('',(0.,0.707106781187,-0.707106781187));
#3276 = ORIENTED_EDGE('',*,*,#3277,.T.);
#3277 = EDGE_CURVE('',#3270,#3278,#3280,.T.);
#3278 = VERTEX_POINT('',#3279);
#3279 = CARTESIAN_POINT('',(1.5,12.2,110.555));
#3280 = LINE('',#3281,#3282);
#3281 = CARTESIAN_POINT('',(1.5,12.2,118.575));
#3282 = VECTOR('',#3283,1.);
#3283 = DIRECTION('',(0.,0.,-1.));
#3284 = ORIENTED_EDGE('',*,*,#3285,.F.);
#3285 = EDGE_CURVE('',#3286,#3278,#3288,.T.);
#3286 = VERTEX_POINT('',#3287);
#3287 = CARTESIAN_POINT('',(1.5,10.22,108.575));
#3288 = LINE('',#3289,#3290);
#3289 = CARTESIAN_POINT('',(1.5,13.21,111.565));
#3290 = VECTOR('',#3291,1.);
#3291 = DIRECTION('',(0.,0.707106781187,0.707106781187));
#3292 = ORIENTED_EDGE('',*,*,#3293,.F.);
#3293 = EDGE_CURVE('',#2430,#3286,#3294,.T.);
#3294 = LINE('',#3295,#3296);
#3295 = CARTESIAN_POINT('',(1.5,10.2,108.575));
#3296 = VECTOR('',#3297,1.);
#3297 = DIRECTION('',(0.,1.,-2.2E-16));
#3298 = PLANE('',#3299);
#3299 = AXIS2_PLACEMENT_3D('',#3300,#3301,#3302);
#3300 = CARTESIAN_POINT('',(1.5,10.2,118.575));
#3301 = DIRECTION('',(-1.,0.,0.));
#3302 = DIRECTION('',(-0.,-2.2E-16,-1.));
#3303 = ADVANCED_FACE('',(#3304),#3322,.F.);
#3304 = FACE_BOUND('',#3305,.F.);
#3305 = EDGE_LOOP('',(#3306,#3307,#3315,#3321));
#3306 = ORIENTED_EDGE('',*,*,#2437,.F.);
#3307 = ORIENTED_EDGE('',*,*,#3308,.T.);
#3308 = EDGE_CURVE('',#2438,#3309,#3311,.T.);
#3309 = VERTEX_POINT('',#3310);
#3310 = CARTESIAN_POINT('',(-1.5,10.22,118.575));
#3311 = LINE('',#3312,#3313);
#3312 = CARTESIAN_POINT('',(-1.5,10.2,118.575));
#3313 = VECTOR('',#3314,1.);
#3314 = DIRECTION('',(0.,1.,-2.2E-16));
#3315 = ORIENTED_EDGE('',*,*,#3316,.T.);
#3316 = EDGE_CURVE('',#3309,#3262,#3317,.T.);
#3317 = LINE('',#3318,#3319);
#3318 = CARTESIAN_POINT('',(-1.5,10.22,118.575));
#3319 = VECTOR('',#3320,1.);
#3320 = DIRECTION('',(1.,0.,0.));
#3321 = ORIENTED_EDGE('',*,*,#3261,.F.);
#3322 = PLANE('',#3323);
#3323 = AXIS2_PLACEMENT_3D('',#3324,#3325,#3326);
#3324 = CARTESIAN_POINT('',(-1.5,10.2,118.575));
#3325 = DIRECTION('',(0.,-2.2E-16,-1.));
#3326 = DIRECTION('',(1.,0.,0.));
#3327 = ADVANCED_FACE('',(#3328),#3346,.F.);
#3328 = FACE_BOUND('',#3329,.F.);
#3329 = EDGE_LOOP('',(#3330,#3331,#3332,#3340));
#3330 = ORIENTED_EDGE('',*,*,#2453,.F.);
#3331 = ORIENTED_EDGE('',*,*,#3293,.T.);
#3332 = ORIENTED_EDGE('',*,*,#3333,.T.);
#3333 = EDGE_CURVE('',#3286,#3334,#3336,.T.);
#3334 = VERTEX_POINT('',#3335);
#3335 = CARTESIAN_POINT('',(-1.5,10.22,108.575));
#3336 = LINE('',#3337,#3338);
#3337 = CARTESIAN_POINT('',(1.5,10.22,108.575));
#3338 = VECTOR('',#3339,1.);
#3339 = DIRECTION('',(-1.,0.,0.));
#3340 = ORIENTED_EDGE('',*,*,#3341,.F.);
#3341 = EDGE_CURVE('',#2446,#3334,#3342,.T.);
#3342 = LINE('',#3343,#3344);
#3343 = CARTESIAN_POINT('',(-1.5,10.2,108.575));
#3344 = VECTOR('',#3345,1.);
#3345 = DIRECTION('',(0.,1.,-2.2E-16));
#3346 = PLANE('',#3347);
#3347 = AXIS2_PLACEMENT_3D('',#3348,#3349,#3350);
#3348 = CARTESIAN_POINT('',(1.5,10.2,108.575));
#3349 = DIRECTION('',(0.,2.2E-16,1.));
#3350 = DIRECTION('',(-1.,0.,0.));
#3351 = ADVANCED_FACE('',(#3352),#3379,.F.);
#3352 = FACE_BOUND('',#3353,.F.);
#3353 = EDGE_LOOP('',(#3354,#3355,#3356,#3364,#3372,#3378));
#3354 = ORIENTED_EDGE('',*,*,#2445,.F.);
#3355 = ORIENTED_EDGE('',*,*,#3341,.T.);
#3356 = ORIENTED_EDGE('',*,*,#3357,.T.);
#3357 = EDGE_CURVE('',#3334,#3358,#3360,.T.);
#3358 = VERTEX_POINT('',#3359);
#3359 = CARTESIAN_POINT('',(-1.5,12.2,110.555));
#3360 = LINE('',#3361,#3362);
#3361 = CARTESIAN_POINT('',(-1.5,10.71,109.065));
#3362 = VECTOR('',#3363,1.);
#3363 = DIRECTION('',(0.,0.707106781187,0.707106781187));
#3364 = ORIENTED_EDGE('',*,*,#3365,.T.);
#3365 = EDGE_CURVE('',#3358,#3366,#3368,.T.);
#3366 = VERTEX_POINT('',#3367);
#3367 = CARTESIAN_POINT('',(-1.5,12.2,116.595));
#3368 = LINE('',#3369,#3370);
#3369 = CARTESIAN_POINT('',(-1.5,12.2,108.575));
#3370 = VECTOR('',#3371,1.);
#3371 = DIRECTION('',(0.,0.,1.));
#3372 = ORIENTED_EDGE('',*,*,#3373,.F.);
#3373 = EDGE_CURVE('',#3309,#3366,#3374,.T.);
#3374 = LINE('',#3375,#3376);
#3375 = CARTESIAN_POINT('',(-1.5,13.21,115.585));
#3376 = VECTOR('',#3377,1.);
#3377 = DIRECTION('',(0.,0.707106781187,-0.707106781187));
#3378 = ORIENTED_EDGE('',*,*,#3308,.F.);
#3379 = PLANE('',#3380);
#3380 = AXIS2_PLACEMENT_3D('',#3381,#3382,#3383);
#3381 = CARTESIAN_POINT('',(-1.5,10.2,108.575));
#3382 = DIRECTION('',(1.,0.,0.));
#3383 = DIRECTION('',(0.,2.2E-16,1.));
#3384 = ADVANCED_FACE('',(#3385),#3426,.F.);
#3385 = FACE_BOUND('',#3386,.F.);
#3386 = EDGE_LOOP('',(#3387,#3388,#3396,#3404,#3412,#3420));
#3387 = ORIENTED_EDGE('',*,*,#2461,.F.);
#3388 = ORIENTED_EDGE('',*,*,#3389,.T.);
#3389 = EDGE_CURVE('',#2462,#3390,#3392,.T.);
#3390 = VERTEX_POINT('',#3391);
#3391 = CARTESIAN_POINT('',(1.5,10.22,97.925));
#3392 = LINE('',#3393,#3394);
#3393 = CARTESIAN_POINT('',(1.5,10.2,97.925));
#3394 = VECTOR('',#3395,1.);
#3395 = DIRECTION('',(0.,1.,-2.2E-16));
#3396 = ORIENTED_EDGE('',*,*,#3397,.T.);
#3397 = EDGE_CURVE('',#3390,#3398,#3400,.T.);
#3398 = VERTEX_POINT('',#3399);
#3399 = CARTESIAN_POINT('',(1.5,12.2,95.945));
#3400 = LINE('',#3401,#3402);
#3401 = CARTESIAN_POINT('',(1.5,10.71,97.435));
#3402 = VECTOR('',#3403,1.);
#3403 = DIRECTION('',(0.,0.707106781187,-0.707106781187));
#3404 = ORIENTED_EDGE('',*,*,#3405,.T.);
#3405 = EDGE_CURVE('',#3398,#3406,#3408,.T.);
#3406 = VERTEX_POINT('',#3407);
#3407 = CARTESIAN_POINT('',(1.5,12.2,89.905));
#3408 = LINE('',#3409,#3410);
#3409 = CARTESIAN_POINT('',(1.5,12.2,97.925));
#3410 = VECTOR('',#3411,1.);
#3411 = DIRECTION('',(0.,0.,-1.));
#3412 = ORIENTED_EDGE('',*,*,#3413,.F.);
#3413 = EDGE_CURVE('',#3414,#3406,#3416,.T.);
#3414 = VERTEX_POINT('',#3415);
#3415 = CARTESIAN_POINT('',(1.5,10.22,87.925));
#3416 = LINE('',#3417,#3418);
#3417 = CARTESIAN_POINT('',(1.5,13.21,90.915));
#3418 = VECTOR('',#3419,1.);
#3419 = DIRECTION('',(0.,0.707106781187,0.707106781187));
#3420 = ORIENTED_EDGE('',*,*,#3421,.F.);
#3421 = EDGE_CURVE('',#2464,#3414,#3422,.T.);
#3422 = LINE('',#3423,#3424);
#3423 = CARTESIAN_POINT('',(1.5,10.2,87.925));
#3424 = VECTOR('',#3425,1.);
#3425 = DIRECTION('',(0.,1.,-2.2E-16));
#3426 = PLANE('',#3427);
#3427 = AXIS2_PLACEMENT_3D('',#3428,#3429,#3430);
#3428 = CARTESIAN_POINT('',(1.5,10.2,97.925));
#3429 = DIRECTION('',(-1.,0.,0.));
#3430 = DIRECTION('',(-0.,-2.2E-16,-1.));
#3431 = ADVANCED_FACE('',(#3432),#3450,.F.);
#3432 = FACE_BOUND('',#3433,.F.);
#3433 = EDGE_LOOP('',(#3434,#3435,#3443,#3449));
#3434 = ORIENTED_EDGE('',*,*,#2471,.F.);
#3435 = ORIENTED_EDGE('',*,*,#3436,.T.);
#3436 = EDGE_CURVE('',#2472,#3437,#3439,.T.);
#3437 = VERTEX_POINT('',#3438);
#3438 = CARTESIAN_POINT('',(-1.5,10.22,97.925));
#3439 = LINE('',#3440,#3441);
#3440 = CARTESIAN_POINT('',(-1.5,10.2,97.925));
#3441 = VECTOR('',#3442,1.);
#3442 = DIRECTION('',(0.,1.,-2.2E-16));
#3443 = ORIENTED_EDGE('',*,*,#3444,.T.);
#3444 = EDGE_CURVE('',#3437,#3390,#3445,.T.);
#3445 = LINE('',#3446,#3447);
#3446 = CARTESIAN_POINT('',(-1.5,10.22,97.925));
#3447 = VECTOR('',#3448,1.);
#3448 = DIRECTION('',(1.,0.,0.));
#3449 = ORIENTED_EDGE('',*,*,#3389,.F.);
#3450 = PLANE('',#3451);
#3451 = AXIS2_PLACEMENT_3D('',#3452,#3453,#3454);
#3452 = CARTESIAN_POINT('',(-1.5,10.2,97.925));
#3453 = DIRECTION('',(0.,-2.2E-16,-1.));
#3454 = DIRECTION('',(1.,0.,0.));
#3455 = ADVANCED_FACE('',(#3456),#3474,.F.);
#3456 = FACE_BOUND('',#3457,.F.);
#3457 = EDGE_LOOP('',(#3458,#3459,#3460,#3468));
#3458 = ORIENTED_EDGE('',*,*,#2487,.F.);
#3459 = ORIENTED_EDGE('',*,*,#3421,.T.);
#3460 = ORIENTED_EDGE('',*,*,#3461,.T.);
#3461 = EDGE_CURVE('',#3414,#3462,#3464,.T.);
#3462 = VERTEX_POINT('',#3463);
#3463 = CARTESIAN_POINT('',(-1.5,10.22,87.925));
#3464 = LINE('',#3465,#3466);
#3465 = CARTESIAN_POINT('',(1.5,10.22,87.925));
#3466 = VECTOR('',#3467,1.);
#3467 = DIRECTION('',(-1.,0.,0.));
#3468 = ORIENTED_EDGE('',*,*,#3469,.F.);
#3469 = EDGE_CURVE('',#2480,#3462,#3470,.T.);
#3470 = LINE('',#3471,#3472);
#3471 = CARTESIAN_POINT('',(-1.5,10.2,87.925));
#3472 = VECTOR('',#3473,1.);
#3473 = DIRECTION('',(0.,1.,-2.2E-16));
#3474 = PLANE('',#3475);
#3475 = AXIS2_PLACEMENT_3D('',#3476,#3477,#3478);
#3476 = CARTESIAN_POINT('',(1.5,10.2,87.925));
#3477 = DIRECTION('',(0.,2.2E-16,1.));
#3478 = DIRECTION('',(-1.,0.,0.));
#3479 = ADVANCED_FACE('',(#3480),#3507,.F.);
#3480 = FACE_BOUND('',#3481,.F.);
#3481 = EDGE_LOOP('',(#3482,#3483,#3484,#3492,#3500,#3506));
#3482 = ORIENTED_EDGE('',*,*,#2479,.F.);
#3483 = ORIENTED_EDGE('',*,*,#3469,.T.);
#3484 = ORIENTED_EDGE('',*,*,#3485,.T.);
#3485 = EDGE_CURVE('',#3462,#3486,#3488,.T.);
#3486 = VERTEX_POINT('',#3487);
#3487 = CARTESIAN_POINT('',(-1.5,12.2,89.905));
#3488 = LINE('',#3489,#3490);
#3489 = CARTESIAN_POINT('',(-1.5,10.71,88.415));
#3490 = VECTOR('',#3491,1.);
#3491 = DIRECTION('',(0.,0.707106781187,0.707106781187));
#3492 = ORIENTED_EDGE('',*,*,#3493,.T.);
#3493 = EDGE_CURVE('',#3486,#3494,#3496,.T.);
#3494 = VERTEX_POINT('',#3495);
#3495 = CARTESIAN_POINT('',(-1.5,12.2,95.945));
#3496 = LINE('',#3497,#3498);
#3497 = CARTESIAN_POINT('',(-1.5,12.2,87.925));
#3498 = VECTOR('',#3499,1.);
#3499 = DIRECTION('',(0.,0.,1.));
#3500 = ORIENTED_EDGE('',*,*,#3501,.F.);
#3501 = EDGE_CURVE('',#3437,#3494,#3502,.T.);
#3502 = LINE('',#3503,#3504);
#3503 = CARTESIAN_POINT('',(-1.5,13.21,94.935));
#3504 = VECTOR('',#3505,1.);
#3505 = DIRECTION('',(0.,0.707106781187,-0.707106781187));
#3506 = ORIENTED_EDGE('',*,*,#3436,.F.);
#3507 = PLANE('',#3508);
#3508 = AXIS2_PLACEMENT_3D('',#3509,#3510,#3511);
#3509 = CARTESIAN_POINT('',(-1.5,10.2,87.925));
#3510 = DIRECTION('',(1.,0.,0.));
#3511 = DIRECTION('',(0.,2.2E-16,1.));
#3512 = ADVANCED_FACE('',(#3513),#3554,.F.);
#3513 = FACE_BOUND('',#3514,.F.);
#3514 = EDGE_LOOP('',(#3515,#3516,#3524,#3532,#3540,#3548));
#3515 = ORIENTED_EDGE('',*,*,#2495,.F.);
#3516 = ORIENTED_EDGE('',*,*,#3517,.T.);
#3517 = EDGE_CURVE('',#2496,#3518,#3520,.T.);
#3518 = VERTEX_POINT('',#3519);
#3519 = CARTESIAN_POINT('',(1.5,10.22,77.275));
#3520 = LINE('',#3521,#3522);
#3521 = CARTESIAN_POINT('',(1.5,10.2,77.275));
#3522 = VECTOR('',#3523,1.);
#3523 = DIRECTION('',(0.,1.,-2.2E-16));
#3524 = ORIENTED_EDGE('',*,*,#3525,.T.);
#3525 = EDGE_CURVE('',#3518,#3526,#3528,.T.);
#3526 = VERTEX_POINT('',#3527);
#3527 = CARTESIAN_POINT('',(1.5,12.2,75.295));
#3528 = LINE('',#3529,#3530);
#3529 = CARTESIAN_POINT('',(1.5,10.71,76.785));
#3530 = VECTOR('',#3531,1.);
#3531 = DIRECTION('',(0.,0.707106781187,-0.707106781187));
#3532 = ORIENTED_EDGE('',*,*,#3533,.T.);
#3533 = EDGE_CURVE('',#3526,#3534,#3536,.T.);
#3534 = VERTEX_POINT('',#3535);
#3535 = CARTESIAN_POINT('',(1.5,12.2,69.255));
#3536 = LINE('',#3537,#3538);
#3537 = CARTESIAN_POINT('',(1.5,12.2,77.275));
#3538 = VECTOR('',#3539,1.);
#3539 = DIRECTION('',(0.,0.,-1.));
#3540 = ORIENTED_EDGE('',*,*,#3541,.F.);
#3541 = EDGE_CURVE('',#3542,#3534,#3544,.T.);
#3542 = VERTEX_POINT('',#3543);
#3543 = CARTESIAN_POINT('',(1.5,10.22,67.275));
#3544 = LINE('',#3545,#3546);
#3545 = CARTESIAN_POINT('',(1.5,13.21,70.265));
#3546 = VECTOR('',#3547,1.);
#3547 = DIRECTION('',(0.,0.707106781187,0.707106781187));
#3548 = ORIENTED_EDGE('',*,*,#3549,.F.);
#3549 = EDGE_CURVE('',#2498,#3542,#3550,.T.);
#3550 = LINE('',#3551,#3552);
#3551 = CARTESIAN_POINT('',(1.5,10.2,67.275));
#3552 = VECTOR('',#3553,1.);
#3553 = DIRECTION('',(0.,1.,-2.2E-16));
#3554 = PLANE('',#3555);
#3555 = AXIS2_PLACEMENT_3D('',#3556,#3557,#3558);
#3556 = CARTESIAN_POINT('',(1.5,10.2,77.275));
#3557 = DIRECTION('',(-1.,0.,0.));
#3558 = DIRECTION('',(-0.,-2.2E-16,-1.));
#3559 = ADVANCED_FACE('',(#3560),#3578,.F.);
#3560 = FACE_BOUND('',#3561,.F.);
#3561 = EDGE_LOOP('',(#3562,#3563,#3571,#3577));
#3562 = ORIENTED_EDGE('',*,*,#2505,.F.);
#3563 = ORIENTED_EDGE('',*,*,#3564,.T.);
#3564 = EDGE_CURVE('',#2506,#3565,#3567,.T.);
#3565 = VERTEX_POINT('',#3566);
#3566 = CARTESIAN_POINT('',(-1.5,10.22,77.275));
#3567 = LINE('',#3568,#3569);
#3568 = CARTESIAN_POINT('',(-1.5,10.2,77.275));
#3569 = VECTOR('',#3570,1.);
#3570 = DIRECTION('',(0.,1.,-2.2E-16));
#3571 = ORIENTED_EDGE('',*,*,#3572,.T.);
#3572 = EDGE_CURVE('',#3565,#3518,#3573,.T.);
#3573 = LINE('',#3574,#3575);
#3574 = CARTESIAN_POINT('',(-1.5,10.22,77.275));
#3575 = VECTOR('',#3576,1.);
#3576 = DIRECTION('',(1.,0.,0.));
#3577 = ORIENTED_EDGE('',*,*,#3517,.F.);
#3578 = PLANE('',#3579);
#3579 = AXIS2_PLACEMENT_3D('',#3580,#3581,#3582);
#3580 = CARTESIAN_POINT('',(-1.5,10.2,77.275));
#3581 = DIRECTION('',(0.,-2.2E-16,-1.));
#3582 = DIRECTION('',(1.,0.,0.));
#3583 = ADVANCED_FACE('',(#3584),#3602,.F.);
#3584 = FACE_BOUND('',#3585,.F.);
#3585 = EDGE_LOOP('',(#3586,#3587,#3588,#3596));
#3586 = ORIENTED_EDGE('',*,*,#2521,.F.);
#3587 = ORIENTED_EDGE('',*,*,#3549,.T.);
#3588 = ORIENTED_EDGE('',*,*,#3589,.T.);
#3589 = EDGE_CURVE('',#3542,#3590,#3592,.T.);
#3590 = VERTEX_POINT('',#3591);
#3591 = CARTESIAN_POINT('',(-1.5,10.22,67.275));
#3592 = LINE('',#3593,#3594);
#3593 = CARTESIAN_POINT('',(1.5,10.22,67.275));
#3594 = VECTOR('',#3595,1.);
#3595 = DIRECTION('',(-1.,0.,0.));
#3596 = ORIENTED_EDGE('',*,*,#3597,.F.);
#3597 = EDGE_CURVE('',#2514,#3590,#3598,.T.);
#3598 = LINE('',#3599,#3600);
#3599 = CARTESIAN_POINT('',(-1.5,10.2,67.275));
#3600 = VECTOR('',#3601,1.);
#3601 = DIRECTION('',(0.,1.,-2.2E-16));
#3602 = PLANE('',#3603);
#3603 = AXIS2_PLACEMENT_3D('',#3604,#3605,#3606);
#3604 = CARTESIAN_POINT('',(1.5,10.2,67.275));
#3605 = DIRECTION('',(0.,2.2E-16,1.));
#3606 = DIRECTION('',(-1.,0.,0.));
#3607 = ADVANCED_FACE('',(#3608),#3635,.F.);
#3608 = FACE_BOUND('',#3609,.F.);
#3609 = EDGE_LOOP('',(#3610,#3611,#3612,#3620,#3628,#3634));
#3610 = ORIENTED_EDGE('',*,*,#2513,.F.);
#3611 = ORIENTED_EDGE('',*,*,#3597,.T.);
#3612 = ORIENTED_EDGE('',*,*,#3613,.T.);
#3613 = EDGE_CURVE('',#3590,#3614,#3616,.T.);
#3614 = VERTEX_POINT('',#3615);
#3615 = CARTESIAN_POINT('',(-1.5,12.2,69.255));
#3616 = LINE('',#3617,#3618);
#3617 = CARTESIAN_POINT('',(-1.5,10.71,67.765));
#3618 = VECTOR('',#3619,1.);
#3619 = DIRECTION('',(0.,0.707106781187,0.707106781187));
#3620 = ORIENTED_EDGE('',*,*,#3621,.T.);
#3621 = EDGE_CURVE('',#3614,#3622,#3624,.T.);
#3622 = VERTEX_POINT('',#3623);
#3623 = CARTESIAN_POINT('',(-1.5,12.2,75.295));
#3624 = LINE('',#3625,#3626);
#3625 = CARTESIAN_POINT('',(-1.5,12.2,67.275));
#3626 = VECTOR('',#3627,1.);
#3627 = DIRECTION('',(0.,0.,1.));
#3628 = ORIENTED_EDGE('',*,*,#3629,.F.);
#3629 = EDGE_CURVE('',#3565,#3622,#3630,.T.);
#3630 = LINE('',#3631,#3632);
#3631 = CARTESIAN_POINT('',(-1.5,13.21,74.285));
#3632 = VECTOR('',#3633,1.);
#3633 = DIRECTION('',(0.,0.707106781187,-0.707106781187));
#3634 = ORIENTED_EDGE('',*,*,#3564,.F.);
#3635 = PLANE('',#3636);
#3636 = AXIS2_PLACEMENT_3D('',#3637,#3638,#3639);
#3637 = CARTESIAN_POINT('',(-1.5,10.2,67.275));
#3638 = DIRECTION('',(1.,0.,0.));
#3639 = DIRECTION('',(0.,2.2E-16,1.));
#3640 = ADVANCED_FACE('',(#3641),#3682,.F.);
#3641 = FACE_BOUND('',#3642,.F.);
#3642 = EDGE_LOOP('',(#3643,#3644,#3652,#3660,#3668,#3676));
#3643 = ORIENTED_EDGE('',*,*,#2529,.F.);
#3644 = ORIENTED_EDGE('',*,*,#3645,.T.);
#3645 = EDGE_CURVE('',#2530,#3646,#3648,.T.);
#3646 = VERTEX_POINT('',#3647);
#3647 = CARTESIAN_POINT('',(1.5,10.22,56.625));
#3648 = LINE('',#3649,#3650);
#3649 = CARTESIAN_POINT('',(1.5,10.2,56.625));
#3650 = VECTOR('',#3651,1.);
#3651 = DIRECTION('',(0.,1.,-2.2E-16));
#3652 = ORIENTED_EDGE('',*,*,#3653,.T.);
#3653 = EDGE_CURVE('',#3646,#3654,#3656,.T.);
#3654 = VERTEX_POINT('',#3655);
#3655 = CARTESIAN_POINT('',(1.5,12.2,54.645));
#3656 = LINE('',#3657,#3658);
#3657 = CARTESIAN_POINT('',(1.5,10.71,56.135));
#3658 = VECTOR('',#3659,1.);
#3659 = DIRECTION('',(0.,0.707106781187,-0.707106781187));
#3660 = ORIENTED_EDGE('',*,*,#3661,.T.);
#3661 = EDGE_CURVE('',#3654,#3662,#3664,.T.);
#3662 = VERTEX_POINT('',#3663);
#3663 = CARTESIAN_POINT('',(1.5,12.2,48.605));
#3664 = LINE('',#3665,#3666);
#3665 = CARTESIAN_POINT('',(1.5,12.2,56.625));
#3666 = VECTOR('',#3667,1.);
#3667 = DIRECTION('',(0.,0.,-1.));
#3668 = ORIENTED_EDGE('',*,*,#3669,.F.);
#3669 = EDGE_CURVE('',#3670,#3662,#3672,.T.);
#3670 = VERTEX_POINT('',#3671);
#3671 = CARTESIAN_POINT('',(1.5,10.22,46.625));
#3672 = LINE('',#3673,#3674);
#3673 = CARTESIAN_POINT('',(1.5,13.21,49.615));
#3674 = VECTOR('',#3675,1.);
#3675 = DIRECTION('',(0.,0.707106781187,0.707106781187));
#3676 = ORIENTED_EDGE('',*,*,#3677,.F.);
#3677 = EDGE_CURVE('',#2532,#3670,#3678,.T.);
#3678 = LINE('',#3679,#3680);
#3679 = CARTESIAN_POINT('',(1.5,10.2,46.625));
#3680 = VECTOR('',#3681,1.);
#3681 = DIRECTION('',(0.,1.,-2.2E-16));
#3682 = PLANE('',#3683);
#3683 = AXIS2_PLACEMENT_3D('',#3684,#3685,#3686);
#3684 = CARTESIAN_POINT('',(1.5,10.2,56.625));
#3685 = DIRECTION('',(-1.,0.,0.));
#3686 = DIRECTION('',(-0.,-2.2E-16,-1.));
#3687 = ADVANCED_FACE('',(#3688),#3706,.F.);
#3688 = FACE_BOUND('',#3689,.F.);
#3689 = EDGE_LOOP('',(#3690,#3691,#3699,#3705));
#3690 = ORIENTED_EDGE('',*,*,#2539,.F.);
#3691 = ORIENTED_EDGE('',*,*,#3692,.T.);
#3692 = EDGE_CURVE('',#2540,#3693,#3695,.T.);
#3693 = VERTEX_POINT('',#3694);
#3694 = CARTESIAN_POINT('',(-1.5,10.22,56.625));
#3695 = LINE('',#3696,#3697);
#3696 = CARTESIAN_POINT('',(-1.5,10.2,56.625));
#3697 = VECTOR('',#3698,1.);
#3698 = DIRECTION('',(0.,1.,-2.2E-16));
#3699 = ORIENTED_EDGE('',*,*,#3700,.T.);
#3700 = EDGE_CURVE('',#3693,#3646,#3701,.T.);
#3701 = LINE('',#3702,#3703);
#3702 = CARTESIAN_POINT('',(-1.5,10.22,56.625));
#3703 = VECTOR('',#3704,1.);
#3704 = DIRECTION('',(1.,0.,0.));
#3705 = ORIENTED_EDGE('',*,*,#3645,.F.);
#3706 = PLANE('',#3707);
#3707 = AXIS2_PLACEMENT_3D('',#3708,#3709,#3710);
#3708 = CARTESIAN_POINT('',(-1.5,10.2,56.625));
#3709 = DIRECTION('',(0.,-2.2E-16,-1.));
#3710 = DIRECTION('',(1.,0.,0.));
#3711 = ADVANCED_FACE('',(#3712),#3730,.F.);
#3712 = FACE_BOUND('',#3713,.F.);
#3713 = EDGE_LOOP('',(#3714,#3715,#3716,#3724));
#3714 = ORIENTED_EDGE('',*,*,#2555,.F.);
#3715 = ORIENTED_EDGE('',*,*,#3677,.T.);
#3716 = ORIENTED_EDGE('',*,*,#3717,.T.);
#3717 = EDGE_CURVE('',#3670,#3718,#3720,.T.);
#3718 = VERTEX_POINT('',#3719);
#3719 = CARTESIAN_POINT('',(-1.5,10.22,46.625));
#3720 = LINE('',#3721,#3722);
#3721 = CARTESIAN_POINT('',(1.5,10.22,46.625));
#3722 = VECTOR('',#3723,1.);
#3723 = DIRECTION('',(-1.,0.,0.));
#3724 = ORIENTED_EDGE('',*,*,#3725,.F.);
#3725 = EDGE_CURVE('',#2548,#3718,#3726,.T.);
#3726 = LINE('',#3727,#3728);
#3727 = CARTESIAN_POINT('',(-1.5,10.2,46.625));
#3728 = VECTOR('',#3729,1.);
#3729 = DIRECTION('',(0.,1.,-2.2E-16));
#3730 = PLANE('',#3731);
#3731 = AXIS2_PLACEMENT_3D('',#3732,#3733,#3734);
#3732 = CARTESIAN_POINT('',(1.5,10.2,46.625));
#3733 = DIRECTION('',(0.,2.2E-16,1.));
#3734 = DIRECTION('',(-1.,0.,0.));
#3735 = ADVANCED_FACE('',(#3736),#3763,.F.);
#3736 = FACE_BOUND('',#3737,.F.);
#3737 = EDGE_LOOP('',(#3738,#3739,#3740,#3748,#3756,#3762));
#3738 = ORIENTED_EDGE('',*,*,#2547,.F.);
#3739 = ORIENTED_EDGE('',*,*,#3725,.T.);
#3740 = ORIENTED_EDGE('',*,*,#3741,.T.);
#3741 = EDGE_CURVE('',#3718,#3742,#3744,.T.);
#3742 = VERTEX_POINT('',#3743);
#3743 = CARTESIAN_POINT('',(-1.5,12.2,48.605));
#3744 = LINE('',#3745,#3746);
#3745 = CARTESIAN_POINT('',(-1.5,10.71,47.115));
#3746 = VECTOR('',#3747,1.);
#3747 = DIRECTION('',(0.,0.707106781187,0.707106781187));
#3748 = ORIENTED_EDGE('',*,*,#3749,.T.);
#3749 = EDGE_CURVE('',#3742,#3750,#3752,.T.);
#3750 = VERTEX_POINT('',#3751);
#3751 = CARTESIAN_POINT('',(-1.5,12.2,54.645));
#3752 = LINE('',#3753,#3754);
#3753 = CARTESIAN_POINT('',(-1.5,12.2,46.625));
#3754 = VECTOR('',#3755,1.);
#3755 = DIRECTION('',(0.,0.,1.));
#3756 = ORIENTED_EDGE('',*,*,#3757,.F.);
#3757 = EDGE_CURVE('',#3693,#3750,#3758,.T.);
#3758 = LINE('',#3759,#3760);
#3759 = CARTESIAN_POINT('',(-1.5,13.21,53.635));
#3760 = VECTOR('',#3761,1.);
#3761 = DIRECTION('',(0.,0.707106781187,-0.707106781187));
#3762 = ORIENTED_EDGE('',*,*,#3692,.F.);
#3763 = PLANE('',#3764);
#3764 = AXIS2_PLACEMENT_3D('',#3765,#3766,#3767);
#3765 = CARTESIAN_POINT('',(-1.5,10.2,46.625));
#3766 = DIRECTION('',(1.,0.,0.));
#3767 = DIRECTION('',(0.,2.2E-16,1.));
#3768 = ADVANCED_FACE('',(#3769),#3810,.F.);
#3769 = FACE_BOUND('',#3770,.F.);
#3770 = EDGE_LOOP('',(#3771,#3772,#3780,#3788,#3796,#3804));
#3771 = ORIENTED_EDGE('',*,*,#2563,.F.);
#3772 = ORIENTED_EDGE('',*,*,#3773,.T.);
#3773 = EDGE_CURVE('',#2564,#3774,#3776,.T.);
#3774 = VERTEX_POINT('',#3775);
#3775 = CARTESIAN_POINT('',(1.5,10.22,35.975));
#3776 = LINE('',#3777,#3778);
#3777 = CARTESIAN_POINT('',(1.5,10.2,35.975));
#3778 = VECTOR('',#3779,1.);
#3779 = DIRECTION('',(0.,1.,-2.2E-16));
#3780 = ORIENTED_EDGE('',*,*,#3781,.T.);
#3781 = EDGE_CURVE('',#3774,#3782,#3784,.T.);
#3782 = VERTEX_POINT('',#3783);
#3783 = CARTESIAN_POINT('',(1.5,12.2,33.995));
#3784 = LINE('',#3785,#3786);
#3785 = CARTESIAN_POINT('',(1.5,10.71,35.485));
#3786 = VECTOR('',#3787,1.);
#3787 = DIRECTION('',(0.,0.707106781187,-0.707106781187));
#3788 = ORIENTED_EDGE('',*,*,#3789,.T.);
#3789 = EDGE_CURVE('',#3782,#3790,#3792,.T.);
#3790 = VERTEX_POINT('',#3791);
#3791 = CARTESIAN_POINT('',(1.5,12.2,27.955));
#3792 = LINE('',#3793,#3794);
#3793 = CARTESIAN_POINT('',(1.5,12.2,35.975));
#3794 = VECTOR('',#3795,1.);
#3795 = DIRECTION('',(0.,0.,-1.));
#3796 = ORIENTED_EDGE('',*,*,#3797,.F.);
#3797 = EDGE_CURVE('',#3798,#3790,#3800,.T.);
#3798 = VERTEX_POINT('',#3799);
#3799 = CARTESIAN_POINT('',(1.5,10.22,25.975));
#3800 = LINE('',#3801,#3802);
#3801 = CARTESIAN_POINT('',(1.5,13.21,28.965));
#3802 = VECTOR('',#3803,1.);
#3803 = DIRECTION('',(0.,0.707106781187,0.707106781187));
#3804 = ORIENTED_EDGE('',*,*,#3805,.F.);
#3805 = EDGE_CURVE('',#2566,#3798,#3806,.T.);
#3806 = LINE('',#3807,#3808);
#3807 = CARTESIAN_POINT('',(1.5,10.2,25.975));
#3808 = VECTOR('',#3809,1.);
#3809 = DIRECTION('',(0.,1.,-2.2E-16));
#3810 = PLANE('',#3811);
#3811 = AXIS2_PLACEMENT_3D('',#3812,#3813,#3814);
#3812 = CARTESIAN_POINT('',(1.5,10.2,35.975));
#3813 = DIRECTION('',(-1.,0.,0.));
#3814 = DIRECTION('',(-0.,-2.2E-16,-1.));
#3815 = ADVANCED_FACE('',(#3816),#3834,.F.);
#3816 = FACE_BOUND('',#3817,.F.);
#3817 = EDGE_LOOP('',(#3818,#3819,#3827,#3833));
#3818 = ORIENTED_EDGE('',*,*,#2573,.F.);
#3819 = ORIENTED_EDGE('',*,*,#3820,.T.);
#3820 = EDGE_CURVE('',#2574,#3821,#3823,.T.);
#3821 = VERTEX_POINT('',#3822);
#3822 = CARTESIAN_POINT('',(-1.5,10.22,35.975));
#3823 = LINE('',#3824,#3825);
#3824 = CARTESIAN_POINT('',(-1.5,10.2,35.975));
#3825 = VECTOR('',#3826,1.);
#3826 = DIRECTION('',(0.,1.,-2.2E-16));
#3827 = ORIENTED_EDGE('',*,*,#3828,.T.);
#3828 = EDGE_CURVE('',#3821,#3774,#3829,.T.);
#3829 = LINE('',#3830,#3831);
#3830 = CARTESIAN_POINT('',(-1.5,10.22,35.975));
#3831 = VECTOR('',#3832,1.);
#3832 = DIRECTION('',(1.,0.,0.));
#3833 = ORIENTED_EDGE('',*,*,#3773,.F.);
#3834 = PLANE('',#3835);
#3835 = AXIS2_PLACEMENT_3D('',#3836,#3837,#3838);
#3836 = CARTESIAN_POINT('',(-1.5,10.2,35.975));
#3837 = DIRECTION('',(0.,-2.2E-16,-1.));
#3838 = DIRECTION('',(1.,0.,0.));
#3839 = ADVANCED_FACE('',(#3840),#3858,.F.);
#3840 = FACE_BOUND('',#3841,.F.);
#3841 = EDGE_LOOP('',(#3842,#3843,#3844,#3852));
#3842 = ORIENTED_EDGE('',*,*,#2589,.F.);
#3843 = ORIENTED_EDGE('',*,*,#3805,.T.);
#3844 = ORIENTED_EDGE('',*,*,#3845,.T.);
#3845 = EDGE_CURVE('',#3798,#3846,#3848,.T.);
#3846 = VERTEX_POINT('',#3847);
#3847 = CARTESIAN_POINT('',(-1.5,10.22,25.975));
#3848 = LINE('',#3849,#3850);
#3849 = CARTESIAN_POINT('',(1.5,10.22,25.975));
#3850 = VECTOR('',#3851,1.);
#3851 = DIRECTION('',(-1.,0.,0.));
#3852 = ORIENTED_EDGE('',*,*,#3853,.F.);
#3853 = EDGE_CURVE('',#2582,#3846,#3854,.T.);
#3854 = LINE('',#3855,#3856);
#3855 = CARTESIAN_POINT('',(-1.5,10.2,25.975));
#3856 = VECTOR('',#3857,1.);
#3857 = DIRECTION('',(0.,1.,-2.2E-16));
#3858 = PLANE('',#3859);
#3859 = AXIS2_PLACEMENT_3D('',#3860,#3861,#3862);
#3860 = CARTESIAN_POINT('',(1.5,10.2,25.975));
#3861 = DIRECTION('',(0.,2.2E-16,1.));
#3862 = DIRECTION('',(-1.,0.,0.));
#3863 = ADVANCED_FACE('',(#3864),#3891,.F.);
#3864 = FACE_BOUND('',#3865,.F.);
#3865 = EDGE_LOOP('',(#3866,#3867,#3868,#3876,#3884,#3890));
#3866 = ORIENTED_EDGE('',*,*,#2581,.F.);
#3867 = ORIENTED_EDGE('',*,*,#3853,.T.);
#3868 = ORIENTED_EDGE('',*,*,#3869,.T.);
#3869 = EDGE_CURVE('',#3846,#3870,#3872,.T.);
#3870 = VERTEX_POINT('',#3871);
#3871 = CARTESIAN_POINT('',(-1.5,12.2,27.955));
#3872 = LINE('',#3873,#3874);
#3873 = CARTESIAN_POINT('',(-1.5,10.71,26.465));
#3874 = VECTOR('',#3875,1.);
#3875 = DIRECTION('',(0.,0.707106781187,0.707106781187));
#3876 = ORIENTED_EDGE('',*,*,#3877,.T.);
#3877 = EDGE_CURVE('',#3870,#3878,#3880,.T.);
#3878 = VERTEX_POINT('',#3879);
#3879 = CARTESIAN_POINT('',(-1.5,12.2,33.995));
#3880 = LINE('',#3881,#3882);
#3881 = CARTESIAN_POINT('',(-1.5,12.2,25.975));
#3882 = VECTOR('',#3883,1.);
#3883 = DIRECTION('',(0.,0.,1.));
#3884 = ORIENTED_EDGE('',*,*,#3885,.F.);
#3885 = EDGE_CURVE('',#3821,#3878,#3886,.T.);
#3886 = LINE('',#3887,#3888);
#3887 = CARTESIAN_POINT('',(-1.5,13.21,32.985));
#3888 = VECTOR('',#3889,1.);
#3889 = DIRECTION('',(0.,0.707106781187,-0.707106781187));
#3890 = ORIENTED_EDGE('',*,*,#3820,.F.);
#3891 = PLANE('',#3892);
#3892 = AXIS2_PLACEMENT_3D('',#3893,#3894,#3895);
#3893 = CARTESIAN_POINT('',(-1.5,10.2,25.975));
#3894 = DIRECTION('',(1.,0.,0.));
#3895 = DIRECTION('',(0.,2.2E-16,1.));
#3896 = ADVANCED_FACE('',(#3897),#3913,.T.);
#3897 = FACE_BOUND('',#3898,.F.);
#3898 = EDGE_LOOP('',(#3899,#3905,#3906,#3912));
#3899 = ORIENTED_EDGE('',*,*,#3900,.T.);
#3900 = EDGE_CURVE('',#2701,#2965,#3901,.T.);
#3901 = LINE('',#3902,#3903);
#3902 = CARTESIAN_POINT('',(-3.311522368918,4.442893218815,0.));
#3903 = VECTOR('',#3904,1.);
#3904 = DIRECTION('',(0.,0.,1.));
#3905 = ORIENTED_EDGE('',*,*,#2972,.T.);
#3906 = ORIENTED_EDGE('',*,*,#3907,.F.);
#3907 = EDGE_CURVE('',#2703,#2861,#3908,.T.);
#3908 = LINE('',#3909,#3910);
#3909 = CARTESIAN_POINT('',(-2.60441558773,4.15,0.));
#3910 = VECTOR('',#3911,1.);
#3911 = DIRECTION('',(0.,0.,1.));
#3912 = ORIENTED_EDGE('',*,*,#2700,.F.);
#3913 = CYLINDRICAL_SURFACE('',#3914,1.);
#3914 = AXIS2_PLACEMENT_3D('',#3915,#3916,#3917);
#3915 = CARTESIAN_POINT('',(-2.60441558773,5.15,0.));
#3916 = DIRECTION('',(-0.,-0.,-1.));
#3917 = DIRECTION('',(-2.2E-16,1.,0.));
#3918 = ADVANCED_FACE('',(#3919),#3930,.F.);
#3919 = FACE_BOUND('',#3920,.F.);
#3920 = EDGE_LOOP('',(#3921,#3927,#3928,#3929));
#3921 = ORIENTED_EDGE('',*,*,#3922,.T.);
#3922 = EDGE_CURVE('',#2813,#2956,#3923,.T.);
#3923 = LINE('',#3924,#3925);
#3924 = CARTESIAN_POINT('',(-5.461522368924,6.592893218814,0.));
#3925 = VECTOR('',#3926,1.);
#3926 = DIRECTION('',(0.,0.,1.));
#3927 = ORIENTED_EDGE('',*,*,#2964,.T.);
#3928 = ORIENTED_EDGE('',*,*,#3900,.F.);
#3929 = ORIENTED_EDGE('',*,*,#2821,.F.);
#3930 = PLANE('',#3931);
#3931 = AXIS2_PLACEMENT_3D('',#3932,#3933,#3934);
#3932 = CARTESIAN_POINT('',(-5.461522368924,6.592893218814,0.));
#3933 = DIRECTION('',(0.707106781185,0.707106781188,0.));
#3934 = DIRECTION('',(0.707106781188,-0.707106781185,0.));
#3935 = ADVANCED_FACE('',(#3936),#3947,.T.);
#3936 = FACE_BOUND('',#3937,.F.);
#3937 = EDGE_LOOP('',(#3938,#3944,#3945,#3946));
#3938 = ORIENTED_EDGE('',*,*,#3939,.T.);
#3939 = EDGE_CURVE('',#2805,#2948,#3940,.T.);
#3940 = LINE('',#3941,#3942);
#3941 = CARTESIAN_POINT('',(-4.754415587736,8.3,0.));
#3942 = VECTOR('',#3943,1.);
#3943 = DIRECTION('',(0.,0.,1.));
#3944 = ORIENTED_EDGE('',*,*,#2955,.T.);
#3945 = ORIENTED_EDGE('',*,*,#3922,.F.);
#3946 = ORIENTED_EDGE('',*,*,#2812,.F.);
#3947 = CYLINDRICAL_SURFACE('',#3948,1.);
#3948 = AXIS2_PLACEMENT_3D('',#3949,#3950,#3951);
#3949 = CARTESIAN_POINT('',(-4.754415587736,7.3,0.));
#3950 = DIRECTION('',(-0.,-0.,-1.));
#3951 = DIRECTION('',(-2.2E-16,1.,0.));
#3952 = ADVANCED_FACE('',(#3953),#3964,.F.);
#3953 = FACE_BOUND('',#3954,.F.);
#3954 = EDGE_LOOP('',(#3955,#3961,#3962,#3963));
#3955 = ORIENTED_EDGE('',*,*,#3956,.T.);
#3956 = EDGE_CURVE('',#2796,#2939,#3957,.T.);
#3957 = LINE('',#3958,#3959);
#3958 = CARTESIAN_POINT('',(-3.425,8.3,0.));
#3959 = VECTOR('',#3960,1.);
#3960 = DIRECTION('',(0.,0.,1.));
#3961 = ORIENTED_EDGE('',*,*,#2947,.T.);
#3962 = ORIENTED_EDGE('',*,*,#3939,.F.);
#3963 = ORIENTED_EDGE('',*,*,#2804,.F.);
#3964 = PLANE('',#3965);
#3965 = AXIS2_PLACEMENT_3D('',#3966,#3967,#3968);
#3966 = CARTESIAN_POINT('',(-3.425,8.3,0.));
#3967 = DIRECTION('',(2.2E-16,-1.,0.));
#3968 = DIRECTION('',(-1.,-2.2E-16,0.));
#3969 = ADVANCED_FACE('',(#3970),#3981,.F.);
#3970 = FACE_BOUND('',#3971,.T.);
#3971 = EDGE_LOOP('',(#3972,#3973,#3974,#3980));
#3972 = ORIENTED_EDGE('',*,*,#3956,.T.);
#3973 = ORIENTED_EDGE('',*,*,#2938,.T.);
#3974 = ORIENTED_EDGE('',*,*,#3975,.F.);
#3975 = EDGE_CURVE('',#2788,#2931,#3976,.T.);
#3976 = LINE('',#3977,#3978);
#3977 = CARTESIAN_POINT('',(-2.925,8.8,0.));
#3978 = VECTOR('',#3979,1.);
#3979 = DIRECTION('',(0.,0.,1.));
#3980 = ORIENTED_EDGE('',*,*,#2795,.F.);
#3981 = CYLINDRICAL_SURFACE('',#3982,0.5);
#3982 = AXIS2_PLACEMENT_3D('',#3983,#3984,#3985);
#3983 = CARTESIAN_POINT('',(-3.425,8.8,0.));
#3984 = DIRECTION('',(-0.,-0.,-1.));
#3985 = DIRECTION('',(-2.2E-16,1.,0.));
#3986 = ADVANCED_FACE('',(#3987),#3993,.F.);
#3987 = FACE_BOUND('',#3988,.F.);
#3988 = EDGE_LOOP('',(#3989,#3990,#3991,#3992));
#3989 = ORIENTED_EDGE('',*,*,#2987,.T.);
#3990 = ORIENTED_EDGE('',*,*,#2930,.T.);
#3991 = ORIENTED_EDGE('',*,*,#3975,.F.);
#3992 = ORIENTED_EDGE('',*,*,#2787,.F.);
#3993 = PLANE('',#3994);
#3994 = AXIS2_PLACEMENT_3D('',#3995,#3996,#3997);
#3995 = CARTESIAN_POINT('',(-2.925,9.7,0.));
#3996 = DIRECTION('',(1.,2.2E-16,0.));
#3997 = DIRECTION('',(2.2E-16,-1.,0.));
#3998 = ADVANCED_FACE('',(#3999),#4010,.F.);
#3999 = FACE_BOUND('',#4000,.F.);
#4000 = EDGE_LOOP('',(#4001,#4007,#4008,#4009));
#4001 = ORIENTED_EDGE('',*,*,#4002,.T.);
#4002 = EDGE_CURVE('',#2754,#2905,#4003,.T.);
#4003 = LINE('',#4004,#4005);
#4004 = CARTESIAN_POINT('',(2.925,8.8,0.));
#4005 = VECTOR('',#4006,1.);
#4006 = DIRECTION('',(0.,0.,1.));
#4007 = ORIENTED_EDGE('',*,*,#2913,.T.);
#4008 = ORIENTED_EDGE('',*,*,#2845,.F.);
#4009 = ORIENTED_EDGE('',*,*,#2762,.F.);
#4010 = PLANE('',#4011);
#4011 = AXIS2_PLACEMENT_3D('',#4012,#4013,#4014);
#4012 = CARTESIAN_POINT('',(2.925,8.8,0.));
#4013 = DIRECTION('',(-1.,0.,0.));
#4014 = DIRECTION('',(0.,1.,0.));
#4015 = ADVANCED_FACE('',(#4016),#4027,.F.);
#4016 = FACE_BOUND('',#4017,.T.);
#4017 = EDGE_LOOP('',(#4018,#4019,#4020,#4026));
#4018 = ORIENTED_EDGE('',*,*,#4002,.T.);
#4019 = ORIENTED_EDGE('',*,*,#2904,.T.);
#4020 = ORIENTED_EDGE('',*,*,#4021,.F.);
#4021 = EDGE_CURVE('',#2746,#2897,#4022,.T.);
#4022 = LINE('',#4023,#4024);
#4023 = CARTESIAN_POINT('',(3.425,8.3,0.));
#4024 = VECTOR('',#4025,1.);
#4025 = DIRECTION('',(0.,0.,1.));
#4026 = ORIENTED_EDGE('',*,*,#2753,.F.);
#4027 = CYLINDRICAL_SURFACE('',#4028,0.5);
#4028 = AXIS2_PLACEMENT_3D('',#4029,#4030,#4031);
#4029 = CARTESIAN_POINT('',(3.425,8.8,0.));
#4030 = DIRECTION('',(-0.,-0.,-1.));
#4031 = DIRECTION('',(1.,0.,0.));
#4032 = ADVANCED_FACE('',(#4033),#4044,.F.);
#4033 = FACE_BOUND('',#4034,.F.);
#4034 = EDGE_LOOP('',(#4035,#4041,#4042,#4043));
#4035 = ORIENTED_EDGE('',*,*,#4036,.T.);
#4036 = EDGE_CURVE('',#2737,#2888,#4037,.T.);
#4037 = LINE('',#4038,#4039);
#4038 = CARTESIAN_POINT('',(4.754415587736,8.3,0.));
#4039 = VECTOR('',#4040,1.);
#4040 = DIRECTION('',(0.,0.,1.));
#4041 = ORIENTED_EDGE('',*,*,#2896,.T.);
#4042 = ORIENTED_EDGE('',*,*,#4021,.F.);
#4043 = ORIENTED_EDGE('',*,*,#2745,.F.);
#4044 = PLANE('',#4045);
#4045 = AXIS2_PLACEMENT_3D('',#4046,#4047,#4048);
#4046 = CARTESIAN_POINT('',(4.754415587736,8.3,0.));
#4047 = DIRECTION('',(0.,-1.,0.));
#4048 = DIRECTION('',(-1.,0.,0.));
#4049 = ADVANCED_FACE('',(#4050),#4061,.T.);
#4050 = FACE_BOUND('',#4051,.F.);
#4051 = EDGE_LOOP('',(#4052,#4058,#4059,#4060));
#4052 = ORIENTED_EDGE('',*,*,#4053,.T.);
#4053 = EDGE_CURVE('',#2729,#2880,#4054,.T.);
#4054 = LINE('',#4055,#4056);
#4055 = CARTESIAN_POINT('',(5.461522368924,6.592893218814,0.));
#4056 = VECTOR('',#4057,1.);
#4057 = DIRECTION('',(0.,0.,1.));
#4058 = ORIENTED_EDGE('',*,*,#2887,.T.);
#4059 = ORIENTED_EDGE('',*,*,#4036,.F.);
#4060 = ORIENTED_EDGE('',*,*,#2736,.F.);
#4061 = CYLINDRICAL_SURFACE('',#4062,1.);
#4062 = AXIS2_PLACEMENT_3D('',#4063,#4064,#4065);
#4063 = CARTESIAN_POINT('',(4.754415587736,7.3,0.));
#4064 = DIRECTION('',(-0.,-0.,-1.));
#4065 = DIRECTION('',(1.,0.,0.));
#4066 = ADVANCED_FACE('',(#4067),#4078,.F.);
#4067 = FACE_BOUND('',#4068,.F.);
#4068 = EDGE_LOOP('',(#4069,#4075,#4076,#4077));
#4069 = ORIENTED_EDGE('',*,*,#4070,.T.);
#4070 = EDGE_CURVE('',#2720,#2871,#4071,.T.);
#4071 = LINE('',#4072,#4073);
#4072 = CARTESIAN_POINT('',(3.311522368918,4.442893218815,0.));
#4073 = VECTOR('',#4074,1.);
#4074 = DIRECTION('',(0.,0.,1.));
#4075 = ORIENTED_EDGE('',*,*,#2879,.T.);
#4076 = ORIENTED_EDGE('',*,*,#4053,.F.);
#4077 = ORIENTED_EDGE('',*,*,#2728,.F.);
#4078 = PLANE('',#4079);
#4079 = AXIS2_PLACEMENT_3D('',#4080,#4081,#4082);
#4080 = CARTESIAN_POINT('',(3.311522368918,4.442893218815,0.));
#4081 = DIRECTION('',(-0.707106781185,0.707106781188,0.));
#4082 = DIRECTION('',(0.707106781188,0.707106781185,0.));
#4083 = ADVANCED_FACE('',(#4084),#4095,.T.);
#4084 = FACE_BOUND('',#4085,.F.);
#4085 = EDGE_LOOP('',(#4086,#4092,#4093,#4094));
#4086 = ORIENTED_EDGE('',*,*,#4087,.T.);
#4087 = EDGE_CURVE('',#2712,#2863,#4088,.T.);
#4088 = LINE('',#4089,#4090);
#4089 = CARTESIAN_POINT('',(2.60441558773,4.15,0.));
#4090 = VECTOR('',#4091,1.);
#4091 = DIRECTION('',(0.,0.,1.));
#4092 = ORIENTED_EDGE('',*,*,#2870,.T.);
#4093 = ORIENTED_EDGE('',*,*,#4070,.F.);
#4094 = ORIENTED_EDGE('',*,*,#2719,.F.);
#4095 = CYLINDRICAL_SURFACE('',#4096,1.);
#4096 = AXIS2_PLACEMENT_3D('',#4097,#4098,#4099);
#4097 = CARTESIAN_POINT('',(2.60441558773,5.15,0.));
#4098 = DIRECTION('',(-0.,-0.,-1.));
#4099 = DIRECTION('',(1.,0.,0.));
#4100 = ADVANCED_FACE('',(#4101),#4112,.F.);
#4101 = FACE_BOUND('',#4102,.T.);
#4102 = EDGE_LOOP('',(#4103,#4104,#4105,#4106));
#4103 = ORIENTED_EDGE('',*,*,#3029,.F.);
#4104 = ORIENTED_EDGE('',*,*,#3077,.T.);
#4105 = ORIENTED_EDGE('',*,*,#3101,.T.);
#4106 = ORIENTED_EDGE('',*,*,#4107,.F.);
#4107 = EDGE_CURVE('',#3022,#3102,#4108,.T.);
#4108 = LINE('',#4109,#4110);
#4109 = CARTESIAN_POINT('',(1.5,12.2,151.855));
#4110 = VECTOR('',#4111,1.);
#4111 = DIRECTION('',(-1.,0.,0.));
#4112 = PLANE('',#4113);
#4113 = AXIS2_PLACEMENT_3D('',#4114,#4115,#4116);
#4114 = CARTESIAN_POINT('',(1.5,11.21,150.865));
#4115 = DIRECTION('',(0.,-0.707106781187,0.707106781187));
#4116 = DIRECTION('',(1.,0.,0.));
#4117 = ADVANCED_FACE('',(#4118),#4129,.T.);
#4118 = FACE_BOUND('',#4119,.T.);
#4119 = EDGE_LOOP('',(#4120,#4126,#4127,#4128));
#4120 = ORIENTED_EDGE('',*,*,#4121,.T.);
#4121 = EDGE_CURVE('',#3110,#3014,#4122,.T.);
#4122 = LINE('',#4123,#4124);
#4123 = CARTESIAN_POINT('',(-1.5,12.2,157.895));
#4124 = VECTOR('',#4125,1.);
#4125 = DIRECTION('',(1.,0.,0.));
#4126 = ORIENTED_EDGE('',*,*,#3021,.T.);
#4127 = ORIENTED_EDGE('',*,*,#4107,.T.);
#4128 = ORIENTED_EDGE('',*,*,#3109,.T.);
#4129 = PLANE('',#4130);
#4130 = AXIS2_PLACEMENT_3D('',#4131,#4132,#4133);
#4131 = CARTESIAN_POINT('',(1.6E-14,12.2,154.875));
#4132 = DIRECTION('',(0.,1.,0.));
#4133 = DIRECTION('',(0.,0.,1.));
#4134 = ADVANCED_FACE('',(#4135),#4141,.F.);
#4135 = FACE_BOUND('',#4136,.T.);
#4136 = EDGE_LOOP('',(#4137,#4138,#4139,#4140));
#4137 = ORIENTED_EDGE('',*,*,#3117,.F.);
#4138 = ORIENTED_EDGE('',*,*,#3060,.T.);
#4139 = ORIENTED_EDGE('',*,*,#3013,.T.);
#4140 = ORIENTED_EDGE('',*,*,#4121,.F.);
#4141 = PLANE('',#4142);
#4142 = AXIS2_PLACEMENT_3D('',#4143,#4144,#4145);
#4143 = CARTESIAN_POINT('',(-1.5,11.21,158.885));
#4144 = DIRECTION('',(0.,-0.707106781187,-0.707106781187));
#4145 = DIRECTION('',(-1.,-0.,-0.));
#4146 = ADVANCED_FACE('',(#4147),#4158,.F.);
#4147 = FACE_BOUND('',#4148,.T.);
#4148 = EDGE_LOOP('',(#4149,#4150,#4151,#4152));
#4149 = ORIENTED_EDGE('',*,*,#3157,.F.);
#4150 = ORIENTED_EDGE('',*,*,#3205,.T.);
#4151 = ORIENTED_EDGE('',*,*,#3229,.T.);
#4152 = ORIENTED_EDGE('',*,*,#4153,.F.);
#4153 = EDGE_CURVE('',#3150,#3230,#4154,.T.);
#4154 = LINE('',#4155,#4156);
#4155 = CARTESIAN_POINT('',(1.5,12.2,131.205));
#4156 = VECTOR('',#4157,1.);
#4157 = DIRECTION('',(-1.,0.,0.));
#4158 = PLANE('',#4159);
#4159 = AXIS2_PLACEMENT_3D('',#4160,#4161,#4162);
#4160 = CARTESIAN_POINT('',(1.5,11.21,130.215));
#4161 = DIRECTION('',(0.,-0.707106781187,0.707106781187));
#4162 = DIRECTION('',(1.,0.,0.));
#4163 = ADVANCED_FACE('',(#4164),#4175,.T.);
#4164 = FACE_BOUND('',#4165,.T.);
#4165 = EDGE_LOOP('',(#4166,#4172,#4173,#4174));
#4166 = ORIENTED_EDGE('',*,*,#4167,.T.);
#4167 = EDGE_CURVE('',#3238,#3142,#4168,.T.);
#4168 = LINE('',#4169,#4170);
#4169 = CARTESIAN_POINT('',(-1.5,12.2,137.245));
#4170 = VECTOR('',#4171,1.);
#4171 = DIRECTION('',(1.,0.,0.));
#4172 = ORIENTED_EDGE('',*,*,#3149,.T.);
#4173 = ORIENTED_EDGE('',*,*,#4153,.T.);
#4174 = ORIENTED_EDGE('',*,*,#3237,.T.);
#4175 = PLANE('',#4176);
#4176 = AXIS2_PLACEMENT_3D('',#4177,#4178,#4179);
#4177 = CARTESIAN_POINT('',(1.4E-14,12.2,134.225));
#4178 = DIRECTION('',(0.,1.,0.));
#4179 = DIRECTION('',(0.,0.,1.));
#4180 = ADVANCED_FACE('',(#4181),#4187,.F.);
#4181 = FACE_BOUND('',#4182,.T.);
#4182 = EDGE_LOOP('',(#4183,#4184,#4185,#4186));
#4183 = ORIENTED_EDGE('',*,*,#3245,.F.);
#4184 = ORIENTED_EDGE('',*,*,#3188,.T.);
#4185 = ORIENTED_EDGE('',*,*,#3141,.T.);
#4186 = ORIENTED_EDGE('',*,*,#4167,.F.);
#4187 = PLANE('',#4188);
#4188 = AXIS2_PLACEMENT_3D('',#4189,#4190,#4191);
#4189 = CARTESIAN_POINT('',(-1.5,11.21,138.235));
#4190 = DIRECTION('',(0.,-0.707106781187,-0.707106781187));
#4191 = DIRECTION('',(-1.,-0.,-0.));
#4192 = ADVANCED_FACE('',(#4193),#4204,.F.);
#4193 = FACE_BOUND('',#4194,.T.);
#4194 = EDGE_LOOP('',(#4195,#4196,#4197,#4198));
#4195 = ORIENTED_EDGE('',*,*,#3285,.F.);
#4196 = ORIENTED_EDGE('',*,*,#3333,.T.);
#4197 = ORIENTED_EDGE('',*,*,#3357,.T.);
#4198 = ORIENTED_EDGE('',*,*,#4199,.F.);
#4199 = EDGE_CURVE('',#3278,#3358,#4200,.T.);
#4200 = LINE('',#4201,#4202);
#4201 = CARTESIAN_POINT('',(1.5,12.2,110.555));
#4202 = VECTOR('',#4203,1.);
#4203 = DIRECTION('',(-1.,0.,0.));
#4204 = PLANE('',#4205);
#4205 = AXIS2_PLACEMENT_3D('',#4206,#4207,#4208);
#4206 = CARTESIAN_POINT('',(1.5,11.21,109.565));
#4207 = DIRECTION('',(0.,-0.707106781187,0.707106781187));
#4208 = DIRECTION('',(1.,0.,0.));
#4209 = ADVANCED_FACE('',(#4210),#4221,.T.);
#4210 = FACE_BOUND('',#4211,.T.);
#4211 = EDGE_LOOP('',(#4212,#4218,#4219,#4220));
#4212 = ORIENTED_EDGE('',*,*,#4213,.T.);
#4213 = EDGE_CURVE('',#3366,#3270,#4214,.T.);
#4214 = LINE('',#4215,#4216);
#4215 = CARTESIAN_POINT('',(-1.5,12.2,116.595));
#4216 = VECTOR('',#4217,1.);
#4217 = DIRECTION('',(1.,0.,0.));
#4218 = ORIENTED_EDGE('',*,*,#3277,.T.);
#4219 = ORIENTED_EDGE('',*,*,#4199,.T.);
#4220 = ORIENTED_EDGE('',*,*,#3365,.T.);
#4221 = PLANE('',#4222);
#4222 = AXIS2_PLACEMENT_3D('',#4223,#4224,#4225);
#4223 = CARTESIAN_POINT('',(1.1E-14,12.2,113.575));
#4224 = DIRECTION('',(0.,1.,0.));
#4225 = DIRECTION('',(0.,0.,1.));
#4226 = ADVANCED_FACE('',(#4227),#4233,.F.);
#4227 = FACE_BOUND('',#4228,.T.);
#4228 = EDGE_LOOP('',(#4229,#4230,#4231,#4232));
#4229 = ORIENTED_EDGE('',*,*,#3373,.F.);
#4230 = ORIENTED_EDGE('',*,*,#3316,.T.);
#4231 = ORIENTED_EDGE('',*,*,#3269,.T.);
#4232 = ORIENTED_EDGE('',*,*,#4213,.F.);
#4233 = PLANE('',#4234);
#4234 = AXIS2_PLACEMENT_3D('',#4235,#4236,#4237);
#4235 = CARTESIAN_POINT('',(-1.5,11.21,117.585));
#4236 = DIRECTION('',(0.,-0.707106781187,-0.707106781187));
#4237 = DIRECTION('',(-1.,-0.,-0.));
#4238 = ADVANCED_FACE('',(#4239),#4250,.F.);
#4239 = FACE_BOUND('',#4240,.T.);
#4240 = EDGE_LOOP('',(#4241,#4242,#4243,#4244));
#4241 = ORIENTED_EDGE('',*,*,#3413,.F.);
#4242 = ORIENTED_EDGE('',*,*,#3461,.T.);
#4243 = ORIENTED_EDGE('',*,*,#3485,.T.);
#4244 = ORIENTED_EDGE('',*,*,#4245,.F.);
#4245 = EDGE_CURVE('',#3406,#3486,#4246,.T.);
#4246 = LINE('',#4247,#4248);
#4247 = CARTESIAN_POINT('',(1.5,12.2,89.905));
#4248 = VECTOR('',#4249,1.);
#4249 = DIRECTION('',(-1.,0.,0.));
#4250 = PLANE('',#4251);
#4251 = AXIS2_PLACEMENT_3D('',#4252,#4253,#4254);
#4252 = CARTESIAN_POINT('',(1.5,11.21,88.915));
#4253 = DIRECTION('',(0.,-0.707106781187,0.707106781187));
#4254 = DIRECTION('',(1.,0.,0.));
#4255 = ADVANCED_FACE('',(#4256),#4267,.T.);
#4256 = FACE_BOUND('',#4257,.T.);
#4257 = EDGE_LOOP('',(#4258,#4264,#4265,#4266));
#4258 = ORIENTED_EDGE('',*,*,#4259,.T.);
#4259 = EDGE_CURVE('',#3494,#3398,#4260,.T.);
#4260 = LINE('',#4261,#4262);
#4261 = CARTESIAN_POINT('',(-1.5,12.2,95.945));
#4262 = VECTOR('',#4263,1.);
#4263 = DIRECTION('',(1.,0.,0.));
#4264 = ORIENTED_EDGE('',*,*,#3405,.T.);
#4265 = ORIENTED_EDGE('',*,*,#4245,.T.);
#4266 = ORIENTED_EDGE('',*,*,#3493,.T.);
#4267 = PLANE('',#4268);
#4268 = AXIS2_PLACEMENT_3D('',#4269,#4270,#4271);
#4269 = CARTESIAN_POINT('',(9.E-15,12.2,92.925));
#4270 = DIRECTION('',(0.,1.,0.));
#4271 = DIRECTION('',(0.,0.,1.));
#4272 = ADVANCED_FACE('',(#4273),#4279,.F.);
#4273 = FACE_BOUND('',#4274,.T.);
#4274 = EDGE_LOOP('',(#4275,#4276,#4277,#4278));
#4275 = ORIENTED_EDGE('',*,*,#3501,.F.);
#4276 = ORIENTED_EDGE('',*,*,#3444,.T.);
#4277 = ORIENTED_EDGE('',*,*,#3397,.T.);
#4278 = ORIENTED_EDGE('',*,*,#4259,.F.);
#4279 = PLANE('',#4280);
#4280 = AXIS2_PLACEMENT_3D('',#4281,#4282,#4283);
#4281 = CARTESIAN_POINT('',(-1.5,11.21,96.935));
#4282 = DIRECTION('',(0.,-0.707106781187,-0.707106781187));
#4283 = DIRECTION('',(-1.,-0.,-0.));
#4284 = ADVANCED_FACE('',(#4285),#4296,.F.);
#4285 = FACE_BOUND('',#4286,.T.);
#4286 = EDGE_LOOP('',(#4287,#4288,#4289,#4290));
#4287 = ORIENTED_EDGE('',*,*,#3541,.F.);
#4288 = ORIENTED_EDGE('',*,*,#3589,.T.);
#4289 = ORIENTED_EDGE('',*,*,#3613,.T.);
#4290 = ORIENTED_EDGE('',*,*,#4291,.F.);
#4291 = EDGE_CURVE('',#3534,#3614,#4292,.T.);
#4292 = LINE('',#4293,#4294);
#4293 = CARTESIAN_POINT('',(1.5,12.2,69.255));
#4294 = VECTOR('',#4295,1.);
#4295 = DIRECTION('',(-1.,0.,0.));
#4296 = PLANE('',#4297);
#4297 = AXIS2_PLACEMENT_3D('',#4298,#4299,#4300);
#4298 = CARTESIAN_POINT('',(1.5,11.21,68.265));
#4299 = DIRECTION('',(0.,-0.707106781187,0.707106781187));
#4300 = DIRECTION('',(1.,0.,0.));
#4301 = ADVANCED_FACE('',(#4302),#4313,.T.);
#4302 = FACE_BOUND('',#4303,.T.);
#4303 = EDGE_LOOP('',(#4304,#4310,#4311,#4312));
#4304 = ORIENTED_EDGE('',*,*,#4305,.T.);
#4305 = EDGE_CURVE('',#3622,#3526,#4306,.T.);
#4306 = LINE('',#4307,#4308);
#4307 = CARTESIAN_POINT('',(-1.5,12.2,75.295));
#4308 = VECTOR('',#4309,1.);
#4309 = DIRECTION('',(1.,0.,0.));
#4310 = ORIENTED_EDGE('',*,*,#3533,.T.);
#4311 = ORIENTED_EDGE('',*,*,#4291,.T.);
#4312 = ORIENTED_EDGE('',*,*,#3621,.T.);
#4313 = PLANE('',#4314);
#4314 = AXIS2_PLACEMENT_3D('',#4315,#4316,#4317);
#4315 = CARTESIAN_POINT('',(7.E-15,12.2,72.275));
#4316 = DIRECTION('',(0.,1.,0.));
#4317 = DIRECTION('',(0.,0.,1.));
#4318 = ADVANCED_FACE('',(#4319),#4325,.F.);
#4319 = FACE_BOUND('',#4320,.T.);
#4320 = EDGE_LOOP('',(#4321,#4322,#4323,#4324));
#4321 = ORIENTED_EDGE('',*,*,#3629,.F.);
#4322 = ORIENTED_EDGE('',*,*,#3572,.T.);
#4323 = ORIENTED_EDGE('',*,*,#3525,.T.);
#4324 = ORIENTED_EDGE('',*,*,#4305,.F.);
#4325 = PLANE('',#4326);
#4326 = AXIS2_PLACEMENT_3D('',#4327,#4328,#4329);
#4327 = CARTESIAN_POINT('',(-1.5,11.21,76.285));
#4328 = DIRECTION('',(0.,-0.707106781187,-0.707106781187));
#4329 = DIRECTION('',(-1.,-0.,-0.));
#4330 = ADVANCED_FACE('',(#4331),#4342,.F.);
#4331 = FACE_BOUND('',#4332,.T.);
#4332 = EDGE_LOOP('',(#4333,#4334,#4335,#4336));
#4333 = ORIENTED_EDGE('',*,*,#3669,.F.);
#4334 = ORIENTED_EDGE('',*,*,#3717,.T.);
#4335 = ORIENTED_EDGE('',*,*,#3741,.T.);
#4336 = ORIENTED_EDGE('',*,*,#4337,.F.);
#4337 = EDGE_CURVE('',#3662,#3742,#4338,.T.);
#4338 = LINE('',#4339,#4340);
#4339 = CARTESIAN_POINT('',(1.5,12.2,48.605));
#4340 = VECTOR('',#4341,1.);
#4341 = DIRECTION('',(-1.,0.,0.));
#4342 = PLANE('',#4343);
#4343 = AXIS2_PLACEMENT_3D('',#4344,#4345,#4346);
#4344 = CARTESIAN_POINT('',(1.5,11.21,47.615));
#4345 = DIRECTION('',(0.,-0.707106781187,0.707106781187));
#4346 = DIRECTION('',(1.,0.,0.));
#4347 = ADVANCED_FACE('',(#4348),#4359,.T.);
#4348 = FACE_BOUND('',#4349,.T.);
#4349 = EDGE_LOOP('',(#4350,#4356,#4357,#4358));
#4350 = ORIENTED_EDGE('',*,*,#4351,.T.);
#4351 = EDGE_CURVE('',#3750,#3654,#4352,.T.);
#4352 = LINE('',#4353,#4354);
#4353 = CARTESIAN_POINT('',(-1.5,12.2,54.645));
#4354 = VECTOR('',#4355,1.);
#4355 = DIRECTION('',(1.,0.,0.));
#4356 = ORIENTED_EDGE('',*,*,#3661,.T.);
#4357 = ORIENTED_EDGE('',*,*,#4337,.T.);
#4358 = ORIENTED_EDGE('',*,*,#3749,.T.);
#4359 = PLANE('',#4360);
#4360 = AXIS2_PLACEMENT_3D('',#4361,#4362,#4363);
#4361 = CARTESIAN_POINT('',(5.E-15,12.2,51.625));
#4362 = DIRECTION('',(0.,1.,0.));
#4363 = DIRECTION('',(0.,0.,1.));
#4364 = ADVANCED_FACE('',(#4365),#4371,.F.);
#4365 = FACE_BOUND('',#4366,.T.);
#4366 = EDGE_LOOP('',(#4367,#4368,#4369,#4370));
#4367 = ORIENTED_EDGE('',*,*,#3757,.F.);
#4368 = ORIENTED_EDGE('',*,*,#3700,.T.);
#4369 = ORIENTED_EDGE('',*,*,#3653,.T.);
#4370 = ORIENTED_EDGE('',*,*,#4351,.F.);
#4371 = PLANE('',#4372);
#4372 = AXIS2_PLACEMENT_3D('',#4373,#4374,#4375);
#4373 = CARTESIAN_POINT('',(-1.5,11.21,55.635));
#4374 = DIRECTION('',(0.,-0.707106781187,-0.707106781187));
#4375 = DIRECTION('',(-1.,-0.,-0.));
#4376 = ADVANCED_FACE('',(#4377),#4388,.F.);
#4377 = FACE_BOUND('',#4378,.T.);
#4378 = EDGE_LOOP('',(#4379,#4380,#4381,#4382));
#4379 = ORIENTED_EDGE('',*,*,#3797,.F.);
#4380 = ORIENTED_EDGE('',*,*,#3845,.T.);
#4381 = ORIENTED_EDGE('',*,*,#3869,.T.);
#4382 = ORIENTED_EDGE('',*,*,#4383,.F.);
#4383 = EDGE_CURVE('',#3790,#3870,#4384,.T.);
#4384 = LINE('',#4385,#4386);
#4385 = CARTESIAN_POINT('',(1.5,12.2,27.955));
#4386 = VECTOR('',#4387,1.);
#4387 = DIRECTION('',(-1.,0.,0.));
#4388 = PLANE('',#4389);
#4389 = AXIS2_PLACEMENT_3D('',#4390,#4391,#4392);
#4390 = CARTESIAN_POINT('',(1.5,11.21,26.965));
#4391 = DIRECTION('',(0.,-0.707106781187,0.707106781187));
#4392 = DIRECTION('',(1.,0.,0.));
#4393 = ADVANCED_FACE('',(#4394),#4405,.T.);
#4394 = FACE_BOUND('',#4395,.T.);
#4395 = EDGE_LOOP('',(#4396,#4402,#4403,#4404));
#4396 = ORIENTED_EDGE('',*,*,#4397,.T.);
#4397 = EDGE_CURVE('',#3878,#3782,#4398,.T.);
#4398 = LINE('',#4399,#4400);
#4399 = CARTESIAN_POINT('',(-1.5,12.2,33.995));
#4400 = VECTOR('',#4401,1.);
#4401 = DIRECTION('',(1.,0.,0.));
#4402 = ORIENTED_EDGE('',*,*,#3789,.T.);
#4403 = ORIENTED_EDGE('',*,*,#4383,.T.);
#4404 = ORIENTED_EDGE('',*,*,#3877,.T.);
#4405 = PLANE('',#4406);
#4406 = AXIS2_PLACEMENT_3D('',#4407,#4408,#4409);
#4407 = CARTESIAN_POINT('',(2.E-15,12.2,30.975));
#4408 = DIRECTION('',(0.,1.,0.));
#4409 = DIRECTION('',(0.,0.,1.));
#4410 = ADVANCED_FACE('',(#4411),#4417,.F.);
#4411 = FACE_BOUND('',#4412,.T.);
#4412 = EDGE_LOOP('',(#4413,#4414,#4415,#4416));
#4413 = ORIENTED_EDGE('',*,*,#3885,.F.);
#4414 = ORIENTED_EDGE('',*,*,#3828,.T.);
#4415 = ORIENTED_EDGE('',*,*,#3781,.T.);
#4416 = ORIENTED_EDGE('',*,*,#4397,.F.);
#4417 = PLANE('',#4418);
#4418 = AXIS2_PLACEMENT_3D('',#4419,#4420,#4421);
#4419 = CARTESIAN_POINT('',(-1.5,11.21,34.985));
#4420 = DIRECTION('',(0.,-0.707106781187,-0.707106781187));
#4421 = DIRECTION('',(-1.,-0.,-0.));
#4422 = ADVANCED_FACE('',(#4423),#4429,.T.);
#4423 = FACE_BOUND('',#4424,.T.);
#4424 = EDGE_LOOP('',(#4425,#4426,#4427,#4428));
#4425 = ORIENTED_EDGE('',*,*,#3907,.F.);
#4426 = ORIENTED_EDGE('',*,*,#2711,.T.);
#4427 = ORIENTED_EDGE('',*,*,#4087,.T.);
#4428 = ORIENTED_EDGE('',*,*,#2860,.F.);
#4429 = PLANE('',#4430);
#4430 = AXIS2_PLACEMENT_3D('',#4431,#4432,#4433);
#4431 = CARTESIAN_POINT('',(-6.8E-16,4.15,82.6));
#4432 = DIRECTION('',(-0.,-1.,-0.));
#4433 = DIRECTION('',(0.,0.,-1.));
#4434 = ( GEOMETRIC_REPRESENTATION_CONTEXT(3) 
GLOBAL_UNCERTAINTY_ASSIGNED_CONTEXT((#4438)) 
GLOBAL_UNIT_ASSIGNED_CONTEXT((#4435,#4436,#4437)) REPRESENTATION_CONTEXT
('Context #1','3D Context with UNIT and UNCERTAINTY') );
#4435 = ( LENGTH_UNIT() NAMED_UNIT(*) SI_UNIT(.MILLI.,.METRE.) );
#4436 = ( NAMED_UNIT(*) PLANE_ANGLE_UNIT() SI_UNIT($,.RADIAN.) );
#4437 = ( NAMED_UNIT(*) SI_UNIT($,.STERADIAN.) SOLID_ANGLE_UNIT() );
#4438 = UNCERTAINTY_MEASURE_WITH_UNIT(LENGTH_MEASURE(1.E-07),#4435,
  'distance_accuracy_value','confusion accuracy');
#4439 = CONTEXT_DEPENDENT_SHAPE_REPRESENTATION(#4440,#4442);
#4440 = ( REPRESENTATION_RELATIONSHIP('','',#2207,#10) 
REPRESENTATION_RELATIONSHIP_WITH_TRANSFORMATION(#4441) 
SHAPE_REPRESENTATION_RELATIONSHIP() );
#4441 = ITEM_DEFINED_TRANSFORMATION('','',#11,#19);
#4442 = PRODUCT_DEFINITION_SHAPE('Placement','Placement of an item',
  #4443);
#4443 = NEXT_ASSEMBLY_USAGE_OCCURRENCE('2','bKlak20SliderBonded','',#5,
  #2202,$);
#4444 = PRODUCT_RELATED_PRODUCT_CATEGORY('part',$,(#2204));
#4445 = MECHANICAL_DESIGN_GEOMETRIC_PRESENTATION_REPRESENTATION('',(
    #4446),#4434);
#4446 = STYLED_ITEM('color',(#4447),#2208);
#4447 = PRESENTATION_STYLE_ASSIGNMENT((#4448,#4454));
#4448 = SURFACE_STYLE_USAGE(.BOTH.,#4449);
#4449 = SURFACE_SIDE_STYLE('',(#4450));
#4450 = SURFACE_STYLE_FILL_AREA(#4451);
#4451 = FILL_AREA_STYLE('',(#4452));
#4452 = FILL_AREA_STYLE_COLOUR('',#4453);
#4453 = COLOUR_RGB('',5.882353178324E-02,0.388235295535,1.);
#4454 = CURVE_STYLE('',#4455,POSITIVE_LENGTH_MEASURE(0.1),#4456);
#4455 = DRAUGHTING_PRE_DEFINED_CURVE_FONT('continuous');
#4456 = COLOUR_RGB('',9.803921802644E-02,9.803921802644E-02,
  9.803921802644E-02);
#4457 = MECHANICAL_DESIGN_GEOMETRIC_PRESENTATION_REPRESENTATION('',(
    #4458),#2189);
#4458 = STYLED_ITEM('color',(#4459),#37);
#4459 = PRESENTATION_STYLE_ASSIGNMENT((#4460,#4465));
#4460 = SURFACE_STYLE_USAGE(.BOTH.,#4461);
#4461 = SURFACE_SIDE_STYLE('',(#4462));
#4462 = SURFACE_STYLE_FILL_AREA(#4463);
#4463 = FILL_AREA_STYLE('',(#4464));
#4464 = FILL_AREA_STYLE_COLOUR('',#4453);
#4465 = CURVE_STYLE('',#4466,POSITIVE_LENGTH_MEASURE(0.1),#4456);
#4466 = DRAUGHTING_PRE_DEFINED_CURVE_FONT('continuous');
ENDSEC;
END-ISO-10303-21;
